-- MySQL dump 10.13  Distrib 8.0.35, for Win64 (x86_64)
--
-- Host: localhost    Database: candidates_resumes
-- ------------------------------------------------------
-- Server version	8.0.35
-- Create database if not exists
CREATE DATABASE IF NOT EXISTS candidates_resumes;

-- Use the created database
USE candidates_resumes;

-- Grant privileges to DEJ user
GRANT ALL PRIVILEGES ON candidates_resumes.* TO 'DEJ'@'%' WITH GRANT OPTION;
FLUSH PRIVILEGES;

/*!40101 SET @OLD_CHARACTER_SET_CLIENT=@@CHARACTER_SET_CLIENT */;
/*!40101 SET @OLD_CHARACTER_SET_RESULTS=@@CHARACTER_SET_RESULTS */;
/*!40101 SET @OLD_COLLATION_CONNECTION=@@COLLATION_CONNECTION */;
/*!50503 SET NAMES utf8mb4 */;
/*!40103 SET @OLD_TIME_ZONE=@@TIME_ZONE */;
/*!40103 SET TIME_ZONE='+00:00' */;
/*!40014 SET @OLD_UNIQUE_CHECKS=@@UNIQUE_CHECKS, UNIQUE_CHECKS=0 */;
/*!40014 SET @OLD_FOREIGN_KEY_CHECKS=@@FOREIGN_KEY_CHECKS, FOREIGN_KEY_CHECKS=0 */;
/*!40101 SET @OLD_SQL_MODE=@@SQL_MODE, SQL_MODE='NO_AUTO_VALUE_ON_ZERO' */;
/*!40111 SET @OLD_SQL_NOTES=@@SQL_NOTES, SQL_NOTES=0 */;

--
-- Table structure for table `additionaltech_databases`
--

DROP TABLE IF EXISTS `additionaltech_databases`;
/*!40101 SET @saved_cs_client     = @@character_set_client */;
/*!50503 SET character_set_client = utf8mb4 */;
CREATE TABLE `additionaltech_databases` (
  `database_id` int DEFAULT NULL,
  `candidate_id` int DEFAULT NULL,
  KEY `database_id` (`database_id`),
  KEY `candidate_id` (`candidate_id`),
  CONSTRAINT `additionaltech_databases_ibfk_1` FOREIGN KEY (`database_id`) REFERENCES `database_names` (`database_id`),
  CONSTRAINT `additionaltech_databases_ibfk_2` FOREIGN KEY (`candidate_id`) REFERENCES `candidates` (`candidate_id`)
) ENGINE=InnoDB DEFAULT CHARSET=utf8mb4 COLLATE=utf8mb4_0900_ai_ci;
/*!40101 SET character_set_client = @saved_cs_client */;

--
-- Dumping data for table `additionaltech_databases`
--

LOCK TABLES `additionaltech_databases` WRITE;
/*!40000 ALTER TABLE `additionaltech_databases` DISABLE KEYS */;
INSERT INTO `additionaltech_databases` VALUES (12,4),(17,9),(4,18),(18,34),(12,34);
/*!40000 ALTER TABLE `additionaltech_databases` ENABLE KEYS */;
UNLOCK TABLES;

--
-- Table structure for table `additionaltech_devops`
--

DROP TABLE IF EXISTS `additionaltech_devops`;
/*!40101 SET @saved_cs_client     = @@character_set_client */;
/*!50503 SET character_set_client = utf8mb4 */;
CREATE TABLE `additionaltech_devops` (
  `devop_id` int DEFAULT NULL,
  `candidate_id` int DEFAULT NULL,
  KEY `devop_id` (`devop_id`),
  KEY `candidate_id` (`candidate_id`),
  CONSTRAINT `additionaltech_devops_ibfk_1` FOREIGN KEY (`devop_id`) REFERENCES `devops` (`devop_id`),
  CONSTRAINT `additionaltech_devops_ibfk_2` FOREIGN KEY (`candidate_id`) REFERENCES `candidates` (`candidate_id`)
) ENGINE=InnoDB DEFAULT CHARSET=utf8mb4 COLLATE=utf8mb4_0900_ai_ci;
/*!40101 SET character_set_client = @saved_cs_client */;

--
-- Dumping data for table `additionaltech_devops`
--

LOCK TABLES `additionaltech_devops` WRITE;
/*!40000 ALTER TABLE `additionaltech_devops` DISABLE KEYS */;
INSERT INTO `additionaltech_devops` VALUES (14,5),(23,5),(24,5),(22,5),(25,6),(26,6),(10,8),(30,20),(5,20),(5,24),(19,32),(13,33);
/*!40000 ALTER TABLE `additionaltech_devops` ENABLE KEYS */;
UNLOCK TABLES;

--
-- Table structure for table `additionaltech_frameworks`
--

DROP TABLE IF EXISTS `additionaltech_frameworks`;
/*!40101 SET @saved_cs_client     = @@character_set_client */;
/*!50503 SET character_set_client = utf8mb4 */;
CREATE TABLE `additionaltech_frameworks` (
  `framework_id` int DEFAULT NULL,
  `candidate_id` int DEFAULT NULL,
  KEY `framework_id` (`framework_id`),
  KEY `candidate_id` (`candidate_id`),
  CONSTRAINT `additionaltech_frameworks_ibfk_1` FOREIGN KEY (`framework_id`) REFERENCES `frameworks` (`framework_id`),
  CONSTRAINT `additionaltech_frameworks_ibfk_2` FOREIGN KEY (`candidate_id`) REFERENCES `candidates` (`candidate_id`)
) ENGINE=InnoDB DEFAULT CHARSET=utf8mb4 COLLATE=utf8mb4_0900_ai_ci;
/*!40101 SET character_set_client = @saved_cs_client */;

--
-- Dumping data for table `additionaltech_frameworks`
--

LOCK TABLES `additionaltech_frameworks` WRITE;
/*!40000 ALTER TABLE `additionaltech_frameworks` DISABLE KEYS */;
INSERT INTO `additionaltech_frameworks` VALUES (1,1),(3,1),(16,2),(21,2),(22,2),(23,3),(10,3),(18,4),(18,5),(17,5),(19,5),(24,5),(32,6),(33,6),(25,6),(11,10),(41,11),(42,11),(10,12),(18,14),(43,14),(44,14),(33,16),(47,18),(28,18),(16,18),(47,19),(18,19),(16,19),(4,21),(12,21),(7,23),(11,23),(14,23),(16,26),(49,26),(10,28),(47,29),(16,29),(18,30),(9,28),(7,28),(52,28),(1,14),(20,14),(12,14),(6,3),(9,3),(3,3),(53,31),(35,32),(49,33),(18,33),(35,33),(36,33),(54,33),(26,33),(25,33),(31,33),(29,33),(30,33),(17,34),(3,35),(20,35),(27,35),(8,35),(33,35),(56,35),(21,36),(53,36);
/*!40000 ALTER TABLE `additionaltech_frameworks` ENABLE KEYS */;
UNLOCK TABLES;

--
-- Table structure for table `additionaltech_languages`
--

DROP TABLE IF EXISTS `additionaltech_languages`;
/*!40101 SET @saved_cs_client     = @@character_set_client */;
/*!50503 SET character_set_client = utf8mb4 */;
CREATE TABLE `additionaltech_languages` (
  `language_id` int DEFAULT NULL,
  `candidate_id` int DEFAULT NULL,
  KEY `candidate_id` (`candidate_id`),
  KEY `language_id` (`language_id`),
  CONSTRAINT `additionaltech_languages_ibfk_1` FOREIGN KEY (`candidate_id`) REFERENCES `candidates` (`candidate_id`),
  CONSTRAINT `additionaltech_languages_ibfk_2` FOREIGN KEY (`language_id`) REFERENCES `languages` (`language_id`)
) ENGINE=InnoDB DEFAULT CHARSET=utf8mb4 COLLATE=utf8mb4_0900_ai_ci;
/*!40101 SET character_set_client = @saved_cs_client */;

--
-- Dumping data for table `additionaltech_languages`
--

LOCK TABLES `additionaltech_languages` WRITE;
/*!40000 ALTER TABLE `additionaltech_languages` DISABLE KEYS */;
INSERT INTO `additionaltech_languages` VALUES (1,1),(3,1),(10,3),(14,3),(11,4),(12,4),(15,4),(5,5),(16,5),(18,6),(19,6),(13,6),(8,6),(12,7),(11,8),(12,8),(7,8),(14,8),(17,8),(11,9),(12,9),(4,10),(8,10),(17,10),(18,11),(19,11),(18,12),(19,12),(4,12),(5,12),(10,12),(9,12),(11,13),(12,13),(18,14),(12,14),(9,14),(11,15),(12,15),(4,18),(12,18),(21,18),(11,19),(12,19),(11,20),(12,20),(7,20),(11,21),(5,21),(8,21),(9,21),(11,22),(12,22),(1,22),(11,23),(12,23),(4,23),(7,24),(2,25),(11,27),(12,27),(9,27),(11,28),(12,28),(13,28),(10,28),(11,29),(12,29),(11,30),(12,30),(13,30),(2,3),(11,32),(12,32),(11,33),(18,33),(22,33),(23,33),(12,33),(13,33),(8,33),(9,33),(24,33),(2,35),(4,35),(9,35),(5,36),(14,36);
/*!40000 ALTER TABLE `additionaltech_languages` ENABLE KEYS */;
UNLOCK TABLES;

--
-- Table structure for table `additionaltech_miscellaneous`
--

DROP TABLE IF EXISTS `additionaltech_miscellaneous`;
/*!40101 SET @saved_cs_client     = @@character_set_client */;
/*!50503 SET character_set_client = utf8mb4 */;
CREATE TABLE `additionaltech_miscellaneous` (
  `tech_id` int DEFAULT NULL,
  `candidate_id` int DEFAULT NULL,
  KEY `tech_id` (`tech_id`),
  KEY `candidate_id` (`candidate_id`),
  CONSTRAINT `additionaltech_miscellaneous_ibfk_1` FOREIGN KEY (`tech_id`) REFERENCES `miscellaneoustechnologies` (`tech_id`),
  CONSTRAINT `additionaltech_miscellaneous_ibfk_2` FOREIGN KEY (`candidate_id`) REFERENCES `candidates` (`candidate_id`)
) ENGINE=InnoDB DEFAULT CHARSET=utf8mb4 COLLATE=utf8mb4_0900_ai_ci;
/*!40101 SET character_set_client = @saved_cs_client */;

--
-- Dumping data for table `additionaltech_miscellaneous`
--

LOCK TABLES `additionaltech_miscellaneous` WRITE;
/*!40000 ALTER TABLE `additionaltech_miscellaneous` DISABLE KEYS */;
INSERT INTO `additionaltech_miscellaneous` VALUES (1,8),(2,11),(4,11),(6,11),(7,11),(9,11),(8,11),(5,11),(3,11),(10,12),(10,15),(11,16),(12,16),(13,16),(14,16),(15,16),(16,16),(17,16),(18,16),(19,16),(19,18),(21,20),(10,20),(20,20),(22,20),(3,23),(23,26),(24,26),(25,26),(26,26),(27,26),(28,26),(1,27),(2,32),(2,33),(29,33),(31,34),(30,34),(33,35),(32,35);
/*!40000 ALTER TABLE `additionaltech_miscellaneous` ENABLE KEYS */;
UNLOCK TABLES;

--
-- Table structure for table `candidates`
--

DROP TABLE IF EXISTS `candidates`;
/*!40101 SET @saved_cs_client     = @@character_set_client */;
/*!50503 SET character_set_client = utf8mb4 */;
CREATE TABLE `candidates` (
  `candidate_id` int NOT NULL AUTO_INCREMENT,
  `full_name` varchar(50) DEFAULT NULL,
  `professional_title` varchar(50) DEFAULT NULL,
  `location` varchar(50) DEFAULT NULL,
  `phone_number` varchar(50) DEFAULT NULL,
  `email` varchar(50) DEFAULT NULL,
  `experience_years` varchar(50) DEFAULT NULL,
  `technical_rating` varchar(50) DEFAULT NULL,
  `nontechnical_rating` varchar(50) DEFAULT NULL,
  `minimum_salary_expectation` varchar(50) DEFAULT NULL,
  `last_cv_update` varchar(50) DEFAULT NULL,
  `additional_notes` varchar(50) DEFAULT NULL,
  PRIMARY KEY (`candidate_id`)
) ENGINE=InnoDB AUTO_INCREMENT=37 DEFAULT CHARSET=utf8mb4 COLLATE=utf8mb4_0900_ai_ci;
/*!40101 SET character_set_client = @saved_cs_client */;

--
-- Dumping data for table `candidates`
--

LOCK TABLES `candidates` WRITE;
/*!40000 ALTER TABLE `candidates` DISABLE KEYS */;
INSERT INTO `candidates` VALUES (1,'MUKASA AKRAM','Software Developer','Uganda','+256700242905','mukasaakram55@gmail.com','Active since 2019',NULL,NULL,NULL,NULL,NULL),(2,'YEGON KIBET','Software Developer','Kenya','+254728448303','domieyegon70@gmail.com','Active since 2019',NULL,NULL,NULL,NULL,NULL),(3,'ABRAHAM KAMAU','Senior Engineer','Rwanda','+250780358841','kirumba.kamau@gmail.com','Active since 2018',NULL,NULL,NULL,NULL,NULL),(4,'ADRIAN SEBULIBA','Software Engineer','Uganda','+256791837647','adrian.sebuliba1@gmail.com','Active since 2012',NULL,NULL,NULL,NULL,NULL),(5,'ADU WESLEY','Senior Software Developer','Nigeria','08182365675','adubiaranwesley@gmail.com','Active since 2015',NULL,NULL,NULL,NULL,NULL),(6,'ALAIN BURINDI','Software Engineer','Rwanda','+25078136821','alainburindi62@gmail.com','Active since 2018',NULL,NULL,NULL,NULL,NULL),(7,'ALEX NYAGO','Software Developer','Uganda','+256700943112','nyagoalex@gmail.com','Active since 2015',NULL,NULL,NULL,NULL,NULL),(8,'ALFRED WAYNE','Software Engineer','Kenya','+254735181178','alfiewayne@hotmail.com','Active since 2016',NULL,NULL,NULL,NULL,NULL),(9,'ALLIANCE PEACE','Software Engineer','Rwanda',NULL,NULL,'Active since 2018',NULL,NULL,NULL,NULL,NULL),(10,'AMUKHIYE HERBERT','Software Developer','Kenya','+254711466164','herbertamukhuma6@gmail.com','Active since 2019',NULL,NULL,NULL,NULL,NULL),(11,'ANTONY KITHINJI','Full Stack Web Developer','Kenya','+254791620639','antonymurugu@outlook.com','Active since 2018',NULL,NULL,NULL,NULL,NULL),(12,'ASIIMWE DISMAS','Android and Spring Boot Developer','Uganda','+256782950897','asiimwedismas@gmail.com','Active since 2012',NULL,NULL,NULL,NULL,NULL),(13,'ASSIMWE GEOFREY','Software Engineer','Uganda','+256778582221','geofrocker2@gmail.com','Active since 2016',NULL,NULL,NULL,NULL,NULL),(14,'BAYINGANA ABEL','Software Programmer','Rwanda','+250785185421','aberto20@gmail.com','Active since 2015',NULL,NULL,NULL,NULL,NULL),(15,'BINIAM BRHANEMESKEL','Software Engineer','Ethiopia','+251914090373','biniam.brhanemeskel@gmail.com','Active since 2019',NULL,NULL,NULL,NULL,NULL),(16,'BISRAT AWENO','Software Engineer','Germany',NULL,NULL,'Active since 2018',NULL,NULL,NULL,NULL,NULL),(17,'BUKENYA AARON','Software Developer','Uganda','+256705051895','baaronlubega1@gmail.com','Active since 2019',NULL,NULL,NULL,NULL,NULL),(18,'CHRISTIAN IRADUKUNDA','Software Engineer and Data Science Enthusiast','Rwanda','+250785501811','christianiradukunda2@gmail.com','Active since 2014',NULL,NULL,NULL,NULL,NULL),(19,'CHRISTIAN KAKASU','Software Engineer','DRC','+243994907907','chrisdany9@gmail.com','Active since 2016',NULL,NULL,NULL,NULL,NULL),(20,'CHUBI BEST','Software Engineer','Nigeria',NULL,'chrisdany9@gmail.com','Active since 2019',NULL,NULL,NULL,NULL,NULL),(21,'CLAYNE OKALLO','Software Programer','Kenya','+254718970603','clayne.co25@gmail.com','Active since 2014',NULL,NULL,NULL,NULL,NULL),(22,'COLLINS ODUORI','Software Developer','Kenya','+254701117025','collinsadodi@gmail.com','Active since 2016',NULL,NULL,NULL,NULL,NULL),(23,'COSMAS KIPLANGAT','Software Engineer','Kenya','+254725769589','cosmaskip365@gmail.com','Active since 2021',NULL,NULL,NULL,NULL,NULL),(24,'DANIEL KIPKURUI','Software Engineer','Kenya','+254723942517','kiptoonkipkurui@gmail.com','Active since 2017',NULL,NULL,NULL,NULL,NULL),(25,'DANCAN KIMANI','Software Engineer','Kenya','+254724088765','dancankimani70@gmail.com','Active since 2015',NULL,NULL,NULL,NULL,NULL),(26,'DANIEL MWAI','Software Developer','Kenya','+254725978996','nzaniela@gmail.com','Active since 2011',NULL,NULL,NULL,NULL,NULL),(27,'DANIEL MWANGILA','Software Engineer','Rwanda','+250730430745','margalight@outlook.com','Active since 2019',NULL,NULL,NULL,NULL,NULL),(28,'DENIS GATHONDU','Software Developer','Kenya','+254726075080','thundoss@gmail.com','Active since 2014',NULL,NULL,NULL,NULL,NULL),(29,'DANIEL RUBAMBURA','Senior Software Engineer','DRC','+2243999967479','danielrubambura@gmail.com','Active since 2014',NULL,NULL,NULL,NULL,NULL),(30,'DELFIN OTACHI','Full Stack Developer','Kenya',NULL,NULL,'Active since 2021',NULL,NULL,NULL,NULL,NULL),(31,'DIDAS MBALANYA','Software Developer','Kenya',NULL,NULL,'Active since 2015',NULL,NULL,NULL,NULL,NULL),(32,'EDAFE EMUNTOR','Software Engineer','Nigeria','08107733603','edafeadjeke@gmail.com','Active since 2014',NULL,NULL,NULL,NULL,NULL),(33,'EDGAR NTENDE','Software Developer','Uganda','+256706924023','ewenedgar@gmail.com','Active since 2014',NULL,NULL,NULL,NULL,NULL),(34,'ELIE BUSANGA','Software Developer','Rwanda','+250789347581','elijahbus.ny@gmail.com','Active since 2018',NULL,NULL,NULL,NULL,NULL),(35,'ELIJAH ALEAKHUE','Software Developer','Nigeria','09025349987','ealeakhue@gmail.com','Active since 2018',NULL,NULL,NULL,NULL,NULL),(36,'ELON ASENEKA','Full Stack Software Engineer','Kenya','+254704730039','elon@techietenka.com','Active since 2017',NULL,NULL,NULL,NULL,NULL);
/*!40000 ALTER TABLE `candidates` ENABLE KEYS */;
UNLOCK TABLES;

--
-- Table structure for table `candidates_database`
--

DROP TABLE IF EXISTS `candidates_database`;
/*!40101 SET @saved_cs_client     = @@character_set_client */;
/*!50503 SET character_set_client = utf8mb4 */;
CREATE TABLE `candidates_database` (
  `candidate_id` int DEFAULT NULL,
  `database_id` int DEFAULT NULL,
  KEY `candidate_id` (`candidate_id`),
  KEY `database_id` (`database_id`),
  CONSTRAINT `candidates_database_ibfk_1` FOREIGN KEY (`candidate_id`) REFERENCES `candidates` (`candidate_id`),
  CONSTRAINT `candidates_database_ibfk_2` FOREIGN KEY (`database_id`) REFERENCES `database_names` (`database_id`)
) ENGINE=InnoDB DEFAULT CHARSET=utf8mb4 COLLATE=utf8mb4_0900_ai_ci;
/*!40101 SET character_set_client = @saved_cs_client */;

--
-- Dumping data for table `candidates_database`
--

LOCK TABLES `candidates_database` WRITE;
/*!40000 ALTER TABLE `candidates_database` DISABLE KEYS */;
INSERT INTO `candidates_database` VALUES (1,3),(1,5),(2,1),(2,5),(3,3),(3,1),(3,5),(4,1),(4,3),(4,5),(4,4),(4,11),(5,13),(5,2),(6,12),(8,13),(8,5),(8,15),(8,16),(8,14),(9,1),(9,12),(10,1),(10,13),(11,1),(11,5),(12,1),(12,5),(12,14),(13,1),(13,5),(13,3),(14,1),(14,5),(14,3),(14,13),(15,13),(15,5),(16,1),(17,3),(18,13),(18,5),(18,3),(19,1),(19,5),(19,13),(19,4),(20,1),(20,12),(20,13),(20,6),(20,14),(21,13),(21,5),(22,1),(22,3),(22,8),(22,4),(23,1),(23,3),(23,13),(23,4),(23,5),(24,13),(26,1),(26,3),(26,8),(27,1),(27,3),(27,5),(29,1),(29,13),(29,4),(30,1),(30,13),(31,12),(31,6),(32,1),(32,3),(32,5),(32,6),(33,1),(33,3),(33,12),(33,4),(34,1),(34,3),(34,5),(35,13),(35,3),(36,1),(36,3),(36,5);
/*!40000 ALTER TABLE `candidates_database` ENABLE KEYS */;
UNLOCK TABLES;

--
-- Table structure for table `candidates_devop`
--

DROP TABLE IF EXISTS `candidates_devop`;
/*!40101 SET @saved_cs_client     = @@character_set_client */;
/*!50503 SET character_set_client = utf8mb4 */;
CREATE TABLE `candidates_devop` (
  `candidate_id` int DEFAULT NULL,
  `devop_id` int DEFAULT NULL,
  KEY `candidate_id` (`candidate_id`),
  KEY `devop_id` (`devop_id`),
  CONSTRAINT `candidates_devop_ibfk_1` FOREIGN KEY (`candidate_id`) REFERENCES `candidates` (`candidate_id`),
  CONSTRAINT `candidates_devop_ibfk_2` FOREIGN KEY (`devop_id`) REFERENCES `devops` (`devop_id`)
) ENGINE=InnoDB DEFAULT CHARSET=utf8mb4 COLLATE=utf8mb4_0900_ai_ci;
/*!40101 SET character_set_client = @saved_cs_client */;

--
-- Dumping data for table `candidates_devop`
--

LOCK TABLES `candidates_devop` WRITE;
/*!40000 ALTER TABLE `candidates_devop` DISABLE KEYS */;
INSERT INTO `candidates_devop` VALUES (1,1),(1,7),(1,4),(2,7),(2,9),(3,1),(3,7),(3,9),(3,16),(4,7),(4,2),(4,4),(5,7),(5,21),(6,7),(6,2),(7,4),(8,4),(8,7),(8,17),(9,1),(9,7),(9,9),(9,11),(9,4),(10,7),(10,9),(11,1),(11,7),(11,9),(11,11),(11,5),(12,1),(12,2),(12,4),(12,11),(12,7),(12,21),(12,27),(13,4),(13,28),(13,29),(14,1),(14,3),(14,10),(14,5),(14,7),(15,7),(17,1),(17,7),(18,9),(18,7),(20,1),(20,2),(20,4),(20,9),(20,7),(20,17),(21,17),(23,1),(24,10),(25,7),(25,31),(25,4),(25,9),(26,7),(26,14),(26,33),(26,32),(28,4),(28,1),(28,5),(29,5),(29,9),(29,14),(29,7),(29,34),(31,7),(32,7),(32,37),(32,36),(32,35),(33,1),(33,2),(34,7),(34,1),(34,4),(34,19),(34,12),(36,7),(36,1),(36,4);
/*!40000 ALTER TABLE `candidates_devop` ENABLE KEYS */;
UNLOCK TABLES;

--
-- Table structure for table `candidates_framework`
--

DROP TABLE IF EXISTS `candidates_framework`;
/*!40101 SET @saved_cs_client     = @@character_set_client */;
/*!50503 SET character_set_client = utf8mb4 */;
CREATE TABLE `candidates_framework` (
  `candidate_id` int DEFAULT NULL,
  `framework_id` int DEFAULT NULL,
  KEY `candidate_id` (`candidate_id`),
  KEY `framework_id` (`framework_id`),
  CONSTRAINT `candidates_framework_ibfk_1` FOREIGN KEY (`candidate_id`) REFERENCES `candidates` (`candidate_id`),
  CONSTRAINT `candidates_framework_ibfk_2` FOREIGN KEY (`framework_id`) REFERENCES `frameworks` (`framework_id`)
) ENGINE=InnoDB DEFAULT CHARSET=utf8mb4 COLLATE=utf8mb4_0900_ai_ci;
/*!40101 SET character_set_client = @saved_cs_client */;

--
-- Dumping data for table `candidates_framework`
--

LOCK TABLES `candidates_framework` WRITE;
/*!40000 ALTER TABLE `candidates_framework` DISABLE KEYS */;
INSERT INTO `candidates_framework` VALUES (1,7),(2,5),(2,20),(2,6),(3,1),(3,7),(4,3),(4,7),(4,5),(4,9),(5,1),(5,2),(5,7),(6,1),(6,3),(6,7),(6,12),(6,8),(7,2),(7,3),(7,8),(8,2),(8,1),(8,3),(8,11),(8,7),(9,3),(9,5),(9,8),(9,40),(9,39),(9,17),(9,32),(10,6),(11,3),(11,1),(11,27),(11,6),(12,3),(12,1),(12,5),(12,27),(12,6),(13,3),(13,1),(14,3),(14,6),(15,3),(15,1),(16,9),(16,45),(16,46),(17,6),(18,6),(18,1),(19,27),(19,7),(20,1),(20,3),(21,3),(21,1),(21,20),(21,2),(21,7),(22,6),(23,3),(23,1),(23,6),(23,4),(24,7),(24,48),(25,2),(25,1),(25,8),(26,3),(26,27),(26,7),(26,9),(26,13),(26,51),(26,50),(27,1),(27,3),(27,5),(28,3),(28,1),(28,34),(29,6),(29,3),(29,5),(30,2),(30,3),(30,12),(30,8),(31,1),(31,3),(31,4),(32,1),(32,5),(33,1),(33,3),(33,20),(33,12),(33,28),(34,6),(34,1),(34,3),(34,55),(34,2),(34,4),(34,8),(35,1),(35,55),(35,2),(36,5),(36,3),(36,1),(36,55),(36,57),(36,34);
/*!40000 ALTER TABLE `candidates_framework` ENABLE KEYS */;
UNLOCK TABLES;

--
-- Table structure for table `candidates_language`
--

DROP TABLE IF EXISTS `candidates_language`;
/*!40101 SET @saved_cs_client     = @@character_set_client */;
/*!50503 SET character_set_client = utf8mb4 */;
CREATE TABLE `candidates_language` (
  `candidate_id` int DEFAULT NULL,
  `language_id` int DEFAULT NULL,
  KEY `candidate_id` (`candidate_id`),
  KEY `language_id` (`language_id`),
  CONSTRAINT `candidates_language_ibfk_1` FOREIGN KEY (`candidate_id`) REFERENCES `candidates` (`candidate_id`),
  CONSTRAINT `candidates_language_ibfk_2` FOREIGN KEY (`language_id`) REFERENCES `languages` (`language_id`)
) ENGINE=InnoDB DEFAULT CHARSET=utf8mb4 COLLATE=utf8mb4_0900_ai_ci;
/*!40101 SET character_set_client = @saved_cs_client */;

--
-- Dumping data for table `candidates_language`
--

LOCK TABLES `candidates_language` WRITE;
/*!40000 ALTER TABLE `candidates_language` DISABLE KEYS */;
INSERT INTO `candidates_language` VALUES (1,4),(2,1),(2,2),(3,1),(3,3),(3,4),(4,1),(4,2),(4,4),(5,1),(5,2),(5,4),(5,6),(6,1),(6,2),(6,4),(6,5),(7,1),(7,3),(7,5),(8,1),(8,3),(8,4),(9,1),(9,2),(9,4),(9,5),(9,7),(10,2),(10,5),(11,1),(11,3),(11,2),(12,1),(12,3),(12,2),(12,6),(13,1),(13,3),(13,4),(14,1),(14,3),(14,2),(14,6),(15,1),(15,4),(16,2),(16,4),(16,5),(16,20),(17,2),(18,2),(18,1),(19,1),(19,3),(19,4),(20,1),(20,3),(21,1),(21,3),(21,2),(21,4),(22,2),(23,2),(23,1),(24,4),(24,9),(25,1),(25,5),(26,1),(26,2),(26,4),(27,1),(27,2),(27,3),(27,5),(28,1),(28,4),(29,2),(29,1),(29,3),(30,1),(30,5),(31,1),(31,3),(32,1),(32,3),(33,1),(33,2),(34,2),(34,1),(34,3),(34,5),(35,1),(35,3),(36,1),(36,3);
/*!40000 ALTER TABLE `candidates_language` ENABLE KEYS */;
UNLOCK TABLES;

--
-- Table structure for table `database_names`
--

DROP TABLE IF EXISTS `database_names`;
/*!40101 SET @saved_cs_client     = @@character_set_client */;
/*!50503 SET character_set_client = utf8mb4 */;
CREATE TABLE `database_names` (
  `database_id` int NOT NULL AUTO_INCREMENT,
  `database_name` varchar(50) DEFAULT NULL,
  PRIMARY KEY (`database_id`)
) ENGINE=InnoDB AUTO_INCREMENT=19 DEFAULT CHARSET=utf8mb4 COLLATE=utf8mb4_0900_ai_ci;
/*!40101 SET character_set_client = @saved_cs_client */;

--
-- Dumping data for table `database_names`
--

LOCK TABLES `database_names` WRITE;
/*!40000 ALTER TABLE `database_names` DISABLE KEYS */;
INSERT INTO `database_names` VALUES (1,'MySQL'),(2,'NoSQL'),(3,'PostgreSQL'),(4,'Oracle'),(5,'MongoDB'),(6,'Redis'),(7,'PLSQL'),(8,'SQLite'),(9,'ObjectDB'),(10,'Cassandra'),(11,'DB2'),(12,'GraphQL'),(13,'SQL'),(14,'Firestore'),(15,'AWS DynamoDB'),(16,'Azure CosmoDB'),(17,'Prisma'),(18,'MariaDB');
/*!40000 ALTER TABLE `database_names` ENABLE KEYS */;
UNLOCK TABLES;

--
-- Table structure for table `devops`
--

DROP TABLE IF EXISTS `devops`;
/*!40101 SET @saved_cs_client     = @@character_set_client */;
/*!50503 SET character_set_client = utf8mb4 */;
CREATE TABLE `devops` (
  `devop_id` int NOT NULL AUTO_INCREMENT,
  `devop_name` varchar(50) DEFAULT NULL,
  PRIMARY KEY (`devop_id`)
) ENGINE=InnoDB AUTO_INCREMENT=39 DEFAULT CHARSET=utf8mb4 COLLATE=utf8mb4_0900_ai_ci;
/*!40101 SET character_set_client = @saved_cs_client */;

--
-- Dumping data for table `devops`
--

LOCK TABLES `devops` WRITE;
/*!40000 ALTER TABLE `devops` DISABLE KEYS */;
INSERT INTO `devops` VALUES (1,'Git'),(2,'GitHub'),(3,'GitLab'),(4,'AWS'),(5,'CI/CD'),(6,'Jira'),(7,'Docker'),(8,'Figma'),(9,'Kubernetes'),(10,'Azure'),(11,'Jenkins'),(12,'Bitbucket'),(13,'Selenium'),(14,'Nginx'),(15,'Slack'),(16,'Bash'),(17,'Google Cloud'),(18,'Amazon Cloud'),(19,'RabbitMQ'),(20,'Puppet'),(21,'Microsoft Azure'),(22,'Apache'),(23,'IIS'),(24,'AJAX'),(25,'UX'),(26,'UML'),(27,'Heroku'),(28,'CircleCI'),(29,'TravisCI'),(30,'Terraform'),(31,'DigitalOcean'),(32,'Apache Mesos'),(33,'Marathon'),(34,'Dokku'),(35,'AWS SQS'),(36,'AWS EC2'),(37,'AWS S3'),(38,'Oracle Cloud');
/*!40000 ALTER TABLE `devops` ENABLE KEYS */;
UNLOCK TABLES;

--
-- Table structure for table `education`
--

DROP TABLE IF EXISTS `education`;
/*!40101 SET @saved_cs_client     = @@character_set_client */;
/*!50503 SET character_set_client = utf8mb4 */;
CREATE TABLE `education` (
  `institute` varchar(255) DEFAULT NULL,
  `degree_name` varchar(50) DEFAULT NULL,
  `start_date` date DEFAULT NULL,
  `end_date` date DEFAULT NULL,
  `candidate_id` int DEFAULT NULL,
  KEY `candidate_id` (`candidate_id`),
  CONSTRAINT `education_ibfk_1` FOREIGN KEY (`candidate_id`) REFERENCES `candidates` (`candidate_id`)
) ENGINE=InnoDB DEFAULT CHARSET=utf8mb4 COLLATE=utf8mb4_0900_ai_ci;
/*!40101 SET character_set_client = @saved_cs_client */;

--
-- Dumping data for table `education`
--

LOCK TABLES `education` WRITE;
/*!40000 ALTER TABLE `education` DISABLE KEYS */;
INSERT INTO `education` VALUES ('Makerere University','BSc. Software Engineering','2014-08-01','2019-01-01',1),('Dedan Kimathi University Of Technology','BSc. Information Technology','2016-01-01','2020-01-01',2),('Meru University of Science and Tech','BSc. Business Information Technology','2013-09-01','2017-12-01',3),('Makerere University','BSc. Electrical Engineering','2010-08-01','2015-01-01',4),('University of Lagos','BSc. Finance','2016-01-01','2020-01-01',5),('ULK Kigali Independent University','BSc. Computer Science','2016-09-01','2019-10-01',6),('Busitema University','BSc. Computer Engineering','2014-01-01','2017-01-01',7),('Kenyatta University','BSc. Telecommunications and IT','2009-01-01','2012-01-01',8),('Adventist University of Central Africa ','BSc. Software Engineering','2015-01-01','2019-01-01',9),('Kenyatta University','BSc. Computer science','2016-08-01','2021-07-01',10),('Jomo Kenyatta University of Agriculture and Technology','BSc. Business Information Technology','2015-01-01','2019-11-01',11),('Makerere University Kampala','BSc. Information Systems','2009-08-01','2014-12-01',12),('Makerere University','BSc. Information Systems','2014-01-01','2017-01-01',13),('Kigali Independent University','BSc. Computer Science','2011-01-01','2015-09-01',14),('Addis Ababa University','BSc. Software Engineering','2015-10-01','2020-01-01',15),('Rostock University','MSc. Computational Engineering','2014-10-01','2017-03-01',16),('Makerere University','BSc. Software Engineering','2010-08-01','2017-01-01',17),('Carnegie Mellon University','MSc. Information and Technology Finance','2016-08-01','2018-05-01',18),('Université Libre des Pays De Grands Lacs','BSc. Computer Engineering','2013-01-01','2017-01-01',19),('University of Benin','MBBS','2015-01-01','2019-01-01',20),('Kenyatta University','BSc. Computer science','2011-01-01','2015-01-01',21),('Kenyatta University','BSc. Computer Science','2013-01-01','2017-01-01',22),('Multimedia University of Kenya','BSc. Computer Science','2019-09-01','2020-11-01',23),('University of Nairobi','BSc. Electrical and Electronic Engineering','2012-09-01','2017-09-01',24),('Moi University','Computer Science','2020-02-01','2020-02-01',25),('Jomo Kenyatta University of Agriculture and Technology','BSc. Mathematics and Computer Science','2008-01-01','2011-01-01',26),('Mbeya University of Science and Technology','Diploma Computer Engineering','2015-01-01','2018-01-01',27),('Jomo Kenyatta University','BSc. Information Technology','2009-01-01','2013-01-01',28),('Université Libre des Pays De Grands Lacs','BSc. Computer Engineering','9999-01-01','9999-01-01',29),('Machakos University','BSc. Computer Science','2018-09-01','2022-12-01',30),('Jomo Kenyatta University of Agriculture and Technology','BSc. Actuarial Science','2012-01-01','2015-01-01',31),('Babcock University, Ilisan','BSc. Computer Science Technology','2006-01-01','2010-01-01',32),('Uganda Christian University','BSc. Computer Science','2015-01-01','2019-10-01',33),('Kigali Independent University','BSc.','2017-09-01','2020-12-01',34),('University of Benin','BSc. Petroleum Engineering','2009-01-01','2014-01-01',35),('Multimedia University of Kenya','BSc. Industrial Chemistry','2014-09-01','2018-12-01',36);
/*!40000 ALTER TABLE `education` ENABLE KEYS */;
UNLOCK TABLES;

--
-- Table structure for table `experience`
--

DROP TABLE IF EXISTS `experience`;
/*!40101 SET @saved_cs_client     = @@character_set_client */;
/*!50503 SET character_set_client = utf8mb4 */;
CREATE TABLE `experience` (
  `job_title` varchar(50) DEFAULT NULL,
  `company` varchar(255) DEFAULT NULL,
  `exp_start_date` date DEFAULT NULL,
  `exp_end_date` date DEFAULT NULL,
  `tasks` text,
  `candidate_id` int DEFAULT NULL,
  KEY `candidate_id` (`candidate_id`),
  CONSTRAINT `experience_ibfk_1` FOREIGN KEY (`candidate_id`) REFERENCES `candidates` (`candidate_id`)
) ENGINE=InnoDB DEFAULT CHARSET=utf8mb4 COLLATE=utf8mb4_0900_ai_ci;
/*!40101 SET character_set_client = @saved_cs_client */;

--
-- Dumping data for table `experience`
--

LOCK TABLES `experience` WRITE;
/*!40000 ALTER TABLE `experience` DISABLE KEYS */;
INSERT INTO `experience` VALUES (' Software Quality Assurance Lead Engineer','TEESAS','2022-10-01','9999-01-01','Technologies used: JavaScript, Cypress, Git, GitHub, Appium, AWS, Jmeter, Postman \n* Effectively managed a team of 5 people in both Manual and Automation \n* Provided leadership and guidance to the QA team, ensuring efficient and effective testing operations\n* Mentored and trained team members to enhance their skills and professional development\n* Developed comprehensive test plans and strategies based on project requirements and specifications\n*  Conducted performance evaluations and provide constructive feedback to team members\n*  Collaborated with stakeholders to define testing scope, objectives and timelines\n* Identified and prioritized test cases, scenarios and risks for different testing phases\n*  Collaborated with cross-functional teams, including developers, product managers and business analysts to ensure alignment on testing goals and objectives\n* Identified opportunities for process improvement and implemented best practices to enhance testing efficiency and effectiveness\n*  Continuously evaluated and implemented new tools and technologies to optimize testing processes\n* Implemented and recorded QA metrics(Performance)\n* Tested applications, reported bugs and wrote bug reports\n*  Wrote automation scripts for our application ',1),('Quality Assurance Specialist','CAESAR SUSTAINABILITY LLC','2022-10-01','2023-03-01',' Identified and logged defects using defect tracking tools, ensuring clear and detailed documentation\n* Prepared and maintained test documentation, including test plans, test cases, and test scripts\n* Provided feedback on user stories and requirements from a quality perspective\n* Continuously evaluated and improve testing processes, methodologies, and tools\n* Developed test plans, test cases and test scenarios based on project specifications\n* Collaborated with stakeholders to define testing objectives, requirements and scope',1),(' Software Engineer','USA','2021-10-01','2022-10-01','Technologies used: Python, Django, Git, Bitbucket, AWS, Celery , Redis , karate framework\n* Developed the whole backend of an ESG reporting application by working on several task, Including login, register, social authentication, email notification, dashboard\n*  Worked on deploying the application on AWS ECS services using Docker containers\n* Created sprint plan boards, development tracker and scheduled meetings for developers updates\n* Wrote and tested code, debugged programs and integrated applications with third-party web services\n* Shared ideas to the CEO on how to improve the product , created ERDS, activity diagrams and data flow diagrams\n* Helped on doing QA on the product, did API testing using postman and also did some manual testing on the front end\n*  Introduced daily standups to the team to keep track on how the product is going\n* Created the backend repo and did the project setup  ',1),(' Software Quality Assurance Engineer',' GITSTART','2021-08-01','2022-06-01','Technologies used: Java, selenium, robot framework, cypress, postman, Gherkin, BDD cucumber\n* Created and Reviewed test cases, was in charge of coming up with test scenarios and test cases for different features of the web application\n* Worked on QA guides of different products\n* Was in contact with product clients to accept, ask questions and analyze user stories(tickets) and their acceptance criteria before assignment to developers\n* Tested Merge Requests (GitHub PRs) from different products to ensure they meet the user stories and client requirements \n* Commented and Recorded loom videos for clients upon successful test cases for the PRs\n* Updated the onboarding Guide for other QA engineers as a first internal QA',1),('Software QA Automation Engineer','BPOSEATS','2020-10-01','2022-06-01',' Technologies used: Python, Java, Selenium, GitLab, Docker, CI/CD, Cypress, AWS, Postman, Soap UI, Locust\n* Create and Reviewed test cases\n* Created automation scripts based on given test cases using Selenium, Python and pytest\n* Trained and Mentored manual testers\n* Added tests in the pipeline(GitLab Ci) and run them in Docker containers to ensure no parts of the application break without noticing\n* Tested application Manually and raised bugs found in the application\n* Sketched out ideas for product automated test procedures\n* Executed test cases under varying circumstances\n* Build and maintained tooling for the test development, coverage and reporting\n* Provided inputs on high-level test scenarios, challenges , risks, resources, test estimates during test planning meetings\n* Involved in the business meetings that aid in requirements gathering and requirements analysis\n* Assisted in associating defects with application behavior\n* Interviewed and on boarded new employee',1),('Software Engineer','TARVOS TECHNOLOGY LTD.','2019-09-01','2021-02-01','Technologies used: Python, Django, Git, Bitbucket, AWS, Docker, Angular, HTML/CSS\n* Developed the backend of lottoly (gaming application) by working on several tasks\n* Coordinated with the development teams to determine application requirements\n* Led a team in the backend\n* Worked on deploying the application on AWS ECS services using Docker containers\n* Created sprint plan boards, development tracker, and always scheduled meetings for developers updates\n* Wrote and tested code, debugged programs and integrated applications with third-party web services\n* Interviewed and on boarded new employees\n* Reprogrammed existing PostgreSQL database to improve functionality',1),('Software Engineer','TWOUS LLC','2020-03-01','2020-10-01',' Technologies used: Python, Django, AWS, PostgreSQL, QA\n* Worked as a sole backend developer on the TWOUS application\n* Worked on documentation of the project\n* Created the ERD and Data flow diagram for the project\n* Worked on the deployment of the backend on AWS, EC2 instance',1),('Software Engineer','Andela Uganda','2019-04-01','2019-12-01',' Technologies used: Flask, Django, React, Angular, Postures. Git, HTML, CSS\n* Contributed to different projects both internal and external for Andela clients\n* Developed the Andela Projects for External clients\n* Worked on Boot camp projects\n* Facilitated Ladies in Ladies in Tech Andela Program\n* Facilitated and mentored Children in Teen code Program\n* Developed the Authors Project',1),('Software Developer','Meliora Technologies Limited','2020-01-01','9999-01-01','Technologies used: Java(Spring Boot), TypeScript(Angular), JavaScript( Angular.js)\n* Worked on an SMS Gateway\n* Created a system for bakers to manage their inventory and also communicate with their customers\n* Took part in the design sessions, implementation, testing and deployment of various systems\n* Built a Net Promoter Score (NPS) and customer satisfaction (CSAT) system to help companies get feedback from their customers on how they liked their products',2),('Intern','Meliora Technologies Limited','2019-01-10','2019-04-01','Technologies used: Angular, Angular.js * Worked as an Intern software developer',2),('Software Engineer','Exuus Ltd','2019-10-01','9999-01-01','Worked simple but an elegant algorithm that awards agents commissions\n* Worked as payment processing developer lead that integrates with access bank Rwanda that powers save applications\n* Worked on a variety of products; Backend, USSD and Mobile\n* Worked as payment integration with Rwanda mobile money provides, MTN and Airtel with save APIs * Helped in the implementation of custom features requested by clients',3),('Software Engineer','Andela Kenya Ltd','2019-04-01','2019-10-01','Worked on modern and robust code for internal products that helped in the recruitment process\n* Worked and collaborated with teams of engineers, product owners and designers on a daily basis to produce the best quality features',3),('Web Developer','Primesoft Ltd','2018-07-01','2019-01-01','Built a micro-service for clients to view statements on mobile\n* Built and maintained WordPress websites for clients\n* Provided customer support on the main company products',3),('Software Instructor','Beta Micro Systems Ltd.','2020-08-01','9999-01-01','Technologies used: Agile software development, Domain-Driven Design, Test Driven Development, Python, HTML, CSS, ES6, React, React Native, Angular and version control using Git and GitHub\n * Organized software boot camps to guide junior and aspiring developers',4),('Software Engineer','Futurestay','2020-01-10','9999-01-01','Technologies used: Python, GraphQL, Django, React, React.js, Docker, AWS SQS for queuing, Amazon S3 for media storage, MySQL on AWS RDS\n* Helped to introduce agile methodologies and effective development best practices to division to enhance product development\n* Planned, designed, implemented and tested validation rules for media upload inside admin dashboard\n* Planned, designed, implemented and tested customer sales analytics dashboard using TDD during development and implementation phase\n* Implemented and deployed integrations to upload listings photos to booking.com photos API, Airbnb and Homeaway (VRBO) APIs\n* Wrote Python scripts to migrate data from legacy listings schema to newest schema\n* Supported software integration and implemented maintenance enhancements\n* Wrote Python cronjob scripts to monitor daily transaction activities including sales reporting\n* Wrote Python scripts to replace legacy bathrooms and bedrooms database schema and integrations code',4),('Software Engineer','Andela','2016-11-01','9999-01-01','Technologies used: Python, Django, Flask, React.js, PostgreSQL\n* Trained, vetted and managed teams and cohorts of over 70 junior and intern software developers and helped onboard several developers on to internal product team(s), LMS, JIRA, Teamwork and PT boards, among others, were used during these processes\n* Implemented several software products ranging from developer mentorship apps written in Python, Django, Flask, React.js, PostgreSQL and other languages based on TDD to role based access control systems and company CRMs\n* Gathered data on GCP deployment issues and vulnerabilities and reported all findings, including improvement proposals\n* Worked closely with different engineering teammates to determine system loads and propose improvement plans\n* Worked closely with software engineering and QA team members to design and develop robust solutions that meet stakeholders acceptance criteria for functionality, scalability and performance',4),('Software Engineer','Showclix','2018-10-01','2019-12-01','Technologies used: Python, Django, React.js, JQuery, Riot\n* Created integrations to allow routing of events data between Showclix and sister companies for events such as burning man, New York Comic Con, NBA and many others\n* Planned, designed, implemented and tested CRM\n* Integrated Google Single Sign-On with OpenID Connect and suspended traditional use of first-party credentials\n* Migrated legacy JQuery code to, ReactJS and Redux components and code\n* Wrote automated tests and increased test coverage from 40 percent to 96 percent and also improved performance and security of transaction classes and methods\n* Discussed project progress during sprint planning with stakeholders, collected feedback on different stages, communicated on roadblocks and worked on any concerns',4),('Software Engineer','Orahi Uganda','2016-08-01','2017-09-01','Coordinated with infrastructure leads to gather and develop system requirements\n* Devised economical solutions to host backend and cut infrastructure cost by 40 percent\n* Planned, designed, implemented, tested, and maintained backend REST API written in Python, Django and MongoDB\n* Wrote Orahi mobile app in Android from ground up to consume REST API\n* Worked closely with software development and testing team members to design and develop robust solutions to meet client requirements for functionality, scalability and performance',4),('Software Developer','Techno Brain','2012-03-01','2017-04-01','Instructor for Python Django, Flask, JavaScript, embedded systems, MySQL, Oracle DB1 and DB2 databases\n* Developed Python desktop and web applications ranging from POS to School management to sales reporting systems\n* Integrated Plivo and Twilio SMS APIs with Python Django applications to allow bulk SMS from clients CRM systems and sales desks \n* Implemented applications using African stalking USSD API to create USSD and SMS based mobile applications\n* Developed highly customized physics simulations using Python, Java and JavaScript for various schools and academic institutions\n* Developed several embedded systems applications that communicate via serial ports using pySerial serial programming library',4),('Founder','Plenum Inc.','2017-11-01','9999-01-01','Completed a feature-rich cloud-based and offline multi-school management software for learning, administration and management activities in schools, colleges, tuition centers and training centers',5),('Senior Software Developer','Fidelity Bank PLC','2021-05-01','2021-09-01','Digital delivery technology at digital Lab',5),('Software Developer','Fidelity Bank PLC','2019-04-01','2021-05-01','Continuously developed, automated, and managed IT operations for banking software\n* Worked on Infopool Information System, including APIs for interaction and maintenance of popular banking software\n* Collaborated with the Technology Unit, Data Analytics, and Business Intelligence at Fidelity Bank (Head Office) on Finacle',5),('Lead Software Engineer','HENNICE INC','2020-01-01','2020-08-01','Developed and enhanced applications\n* Maintained and updated a performance monitoring and evaluation system for USAID, Uganda\n* Led a team of junior developers\n* Made improvements to the database structure\n* Provided support to application users\n* Maintained an issue tracker that prioritizes bugs and issues to be fixed\n* Assisted with other miscellaneous information technology questions',5),('Campus Ambassador','Cowrywise','2018-10-01','2019-10-01','Worked as a campus ambassador',5),('Business Manager','Fastchops Nigeria','2018-03-01','2019-03-01','Worked as the Manager for Fastchops Nigeria',5),('Co-Founder','College Trade Nigeria','2018-01-01','2019-03-01','Developed an online mobile market (App) for students in Nigeria to connect, meet, buy and sell',5),('Software Engineer','YSR Company Ltd','2015-10-01','2018-03-01','Worked as a software engineer for sage accounting software',5),('Senior Software Developer','Directwrites Inc.','2013-11-01','2018-02-10','Developed software for firms and industries in Nigeria for enterprise and customs designs and sales\n* Engaged in new marketing strategies to change and take over the software market in Nigeria',5),('Chief Software Architect','Directwrites Inc.','2015-08-01','2016-01-01','Worked as a chief software architect at Directwrites Inc.',5),('Software Programmer','ETN.Connect','2015-06-01','2016-08-01','Worked as a software programmer for Business Pool, YSR SAGE SOLUTIONS Ver. 1.0 and EDUCATOR Opera+ software\n* Co-designed and developed a sole business management software',5),('Associate Software Engineer','Andela Kigali Rwanda','2019-05-01','9999-01-01','Technologies used: Node.js, Python, Django, JavaScript\n* Created and executed unit test cases\n* Coached and mentored\n* Conducted training for new developers\n* Have excellent organizational, communication and coordination skills\n* Technical lead on projects',6),('Backend Developer','Lifestores Healthcare Lagos','2019-09-01','2020-01-01','Technologies used: Django, Python, GraphQL\n* Carried out quality assurance tests to discover errors and optimize usability\n* Developed automated process for inventory\n* Successfully developed an inventory management application that improved warehouse productivity\n* Carried out quality assurance tests to discover errors and optimize usability\n* Created and executed unit test cases',6),('Software Developer','Popmooder Goma Congo DRC','2018-07-01','2019-05-01','Technologies used: PHP(Laravel), Vue.js, React Native\n* Improved performance of existing applications\n* Developed database application',6),('Site Reliability Engineer','Stanbic Bank Uganda Limited','2022-08-01','9999-01-01','Technologies used: SRE, Cloud Computing Automation, Application Security, Software Development\n* Created a bridge between software development and operations by applying a software engineering mindset to system administration\n* Focused on operations or on call duties and developing systems and software that help increase site reliability and performance\n* Built self-service tools for users that rely on such services and collaborates with product developers to ensure that the designed solutions respond to non-functional requirements such as availability, performance, security and maintainability',7),('Full-Stack Developer','WebMagnat','2022-10-01','2023-06-01','Studied existing applications landscape working hand in hand with IT architecture team for conforming systems architectural design and integration Understanding and taking over the project from the sales, project manager, product owner or client\n* Respected the working flow as it is established in the organization \n* Wrote high quality code in accordance with the international and professional standards\n* Respected the number of hours allocated to tasks and meet the project deadline\n* Full compliance with the requirements specified in the annex of the project\n* Participated in meetings with the team and played a role in finding solutions to improve time and the working method\n* Performed preliminary testing of sites or applications\n* Directed the specifics of the sites or applications to the Project Managers\n* Executed any other provisions given by the hierarchical superior in the realization of strategies for the companys short term within the limits of compliance with its attributions and skills',7),('Lead Application Developer','Stanbic Bank Uganda Limited','2021-03-01','2022-08-01','Worked with IT demand management team to accurately Interpret and analyses business improvement requirements to formulate optimal solution design to produce clear and detailed specifications \n* Studied existing applications landscape working hand in hand with IT architecture team for conforming systems architectural design and integration\n* Executed the full lifecycle of software development including writing well designed, testable, and efficient code while complying with project plans, bank policy and industry standards\n* Tested the product in a controlled, real situation before go live\n* prepared training manuals for users and administrators\n* participated in maintaining the systems once in production\n* Documented and maintained software functionality\n* Developed software verification plans and quality assurance procedures\n* Proactively engaged stakeholders to identify shortcomings in the systems and related applications and provide technical advice on cost effective remedying plan',7),('Senior Software Developer','Future Link Technologies','2018-05-01','2021-03-01','Designed and developed high quality software services and features for savings plus\n* Worked with product managers to re-architect and develop a new version of savings plus boosting the software usage to 200 percent\n* Led and mentored the backend development team of mid level and junior developers\n* Built restful APIs that serve data to the frontend applications\n* Updated old code bases to modern development standards, improving functionality',7),('Junior Software Developer','Lacel Technologies Ltd.','2017-08-01','2018-03-01','Involved in developing interactive web applications using a dynamic scripting language like PHP and developed and designed the application using wamp architecture \n* Wrote, edited and debugged new computer programs for assigned projects, including necessary records and desired output',7),('Trainee Software Developer','Planet Systems Limited','2015-05-01','2017-08-01','Designed and developed modules of a software program assigned by the superiors',7),('Senior Mobile Developer','NDA Flutter app','2020-08-01','9999-01-01','Created a Flutter app for a confidential project at industry dominant company (subject to a non-disclosure agreement; no further details available)',8),('Volunteer Web Developer','Sozo Church','2019-12-01','9999-01-01','Developed a website',8),('Software Developer','Nuovo','2019-09-01','9999-01-01','Created subdomains of each client(merchant) on account creation\n* Provisioned, deployed and ran Docker containers on Ubuntu VPSs hosted on DigitalOcean and Vultr\n* Created an ecommerce ecosystem: including Firebase as the serverless platform and site hosting, merchant dashboard, overseeing the development of the user-facing site\n* Integrated machine learning to the eCommerce platform using Dialogflow and Azure LUIS, and created Chatbots on top of these(early stage) still under development',8),('Full-stack Developer','Betika(Shop and Deliver)','2016-11-01','2019-07-01','Redesigned the Opera-mini specific site that runs on PHP over a period of 3 months\n* Redesigned some desktop and mobile site components that run on Vue.js\n* Helped in the programming and support of the initial implementation of the current desktop site\n* Helped in creating Python APIs that would scale to handle tens of thousands of requests a second\n* Integrated the chat system used to chat with customer service\n* Integrated data layer analytics across all web platforms over a 2 month period',8),('Mid Software Developer','Allan and gill gray philanthropy','2021-05-01','9999-01-01','Technologies Used: PHP, JavaScript, Angular, Ionic, MySQL, Symfony\n* Troubleshot bugs and fixes\n* Managed Cloud platforms like AWS \n* Committed and organize source code in Bit bucket \n* Participated in code reviews and provide feedback \n* Trained onboard junior developers \n* Reviewed and estimated requirements for sprint planning',9),('Software Project Manager','EllCode','2021-02-01','2021-05-01','Led project planning sessions \n* Coordinated staff and internal resources\n* Managed project progress and adapted work as required \n* Ensured projects meet deadlines\n* Managed relationships with clients and stakeholders\n* Designed and signed off contracts \n* Oversaw all incoming and outgoing project documentation \n* Participated in tender project i.e. design, submission and review\n* Performed risk management to minimize project risks\n* Developed a detailed project plan to track progress\n* Measured project performance using appropriate systems, tools and techniques \n* Conducted project review and created detailed reports for executive staff\n* Optimized and improved processes and the overall process where necessary\n* Secured growth opportunities and initiated new projects \n* Managed large and diverse teams',9),('Junior Software Developer','Allan and gill gray philanthropy','2020-01-01','2021-05-01','Designed, built and deployed mobile and web applications\n* Built web apps and APIs with Symfony Framework\n* Experienced with Kunstmaan bundle CMS (Symfony Framework)\n* Experienced with AWS, EBS, EC2, Route 53, RDS',9),('Full stack Web Developer','Afflix Management Ltd','2018-09-01','2019-12-01',' Designed, built, tested and deployed web apps \n* Implemented and managed website and APIs background processes (daemons)\n* Developed Microservices \n* DevOps Engineer \n* API integrations \n* Experienced with Yii, lumen and other PHP Frameworks \n* Integrated payments (MTN Rwanda MoMo, MTN Uganda MoMo, MPesa, MasterCard or Visa) \n* Server Administration',9),('Front-End Web Developer','The Events Factory ','2019-04-01','2019-05-01','Technologies used: HTML, CSS, JavaScript \n* Created user-friendly responsive web pages using HTML, CSS and JS from mockups',9),('Front-End Web Developer','interchange Connect','2019-04-01','2019-10-01','Implement designer mock-ups and produce mobile responsive web pages\n* Created a website admin panel\n* Worked on Server configuration, management and monitoring',9),('PHP Back-End Developer','The Events Factory','2018-01-01','2018-03-01','Integrated Master Card payment gateway service in an existing hotel booking system',9),('Web front-End Developer','kLab ','2017-06-01','2018-08-01','Built responsive web pages for events containing registration module and including an admin panel',9),('Web Developer','Church website ','2018-08-01','2018-08-30','Created a new design for the website\n* Created a spip cms\n* Created template from the design\n* Deployed and installed the template in spip',9),('Associate Engineer','Turnkey Africa','2021-12-01','9999-01-01','Worked on functionality within the core system\n* Offered advice on the approaches to take migrating the current system from PL or SQL to Spring Boot\n* Helped in researching different API documentation frameworks for Spring Boot such as swagger, Spring REST Docs and Stoplight.io.',10),('Software Engineer (Intern )','Turnkey Africa','2021-06-15','2021-11-30','Worked as a junior software engineer, initially designing and implementing reports\n* Took up APIs and was responsible for the design and implementation of new API features, as well as maintenance of existing endpoints\n* Tasked with delivering the same features to the client sites and offering support to the same clients',10),('Intern Software Tester','Copia Kenya','2019-04-17','2019-08-30','Tested and developed features for bugs before being pushed into production',10),('IT Consultant','Luxe Home Real Estate','2022-03-01','9999-01-01','Provided a framework for Implementation of software upgrade (client management financial solution) and amplify brand awareness\n* Identified relationships between entities for the database(MySQL)\n* Database design\n* Built restful APIs for data requests from client server\n* Identified suitable front end framework (React Redux)\n* Java method testing with Junit tests and React.js test',11),('Software Developer','Tracom Services Limited','2021-08-01','2022-03-01','Learnt Technologies that are efficient in the modern programming landscape\n* Built an office web meeting planner as a project\n* Debugged and maintained for Liberia revenue collection system\n* Identified relationships between entities for the database(MySQL)\n* Developed database integration with Spring boot, JPA and Hibernate\n* Built restful APIs for data requests from client server\n* Java method testing with Junit tests and React.js test\n* Software development with SCRUM methodology',11),('Digital Marketer','Luxe Homes Real Estate','2020-08-01','2021-08-01','Designed adverts using Adobe Photoshop\n* Developed a full website for the organization to acquire clients\n* Designed video adverts using Adobe after effects',11),('Intern','Gathuthi Tea Factory','2018-09-01','2018-12-01','Troubleshoot and equipment handling\n* Maintained the factorys network operations and systems',11),('Lead Developer','Footprints','2012-01-01','9999-01-01','Developed new complex mobile applications\n* Implemented new features in existing mobile applications\n* Acted as a technical reference/subject matter expert in all areas of the mobile application development life-cycle, contributing to the high performance of the agile development lifecycle by ensuring productive, consistent and successful sprints by working to reduce blocking issues for the team\n* Maintained existing mobile software systems by identifying and correcting software defects',12),('External Consultant','Uganda Police Force ','2013-04-01','2013-12-01','Worked as an external consultant during the initial stages of developing the electronic traffic ticket issuing system',12),('Software Engineer','MassChallenge','2019-03-01','9999-01-01','Developed and maintained a fully-featured client-facing application with React.js\n* Used a Django backend API and did more work in maintaining this API\n* Developed and maintained a complex Django monolithic application that drives a core business process. It’s complex in the sense that we have five GitHub repositories and some tasks require changes in three or four repositories\n* Participated in peer code reviews\n* Participated and sometimes led sprint activities\n* Used Jira for task management and planning\n* Used other tools like include Slack, Zoom, paper trail, pager duty and many others\n* Worked in a distributed team across Uganda, Kenya and the US',13),('Software Engineer','Andela','2017-11-01','9999-01-01','Contributed to full featured Django and React.js internal applications\n* Led simulation projects for new developers\n* Worked in a distributed team',13),('Contributor','OpenMRS ','2018-03-01','2018-10-01','Technologies used: Git, React.js, Redux, Jest, Slack, Zoom, Jira\n* Developed a client-facing order entry application that is actively being used by OpenMRS\n* Developed new features using Scrum methodology\n* Had an opportunity to lead a couple of sprints which helped me to hone my stakeholder management skills, problem-solving and conflict management\n* Worked in a distributed team across Uganda, Kenya, Nigeria and the US',13),('QA Engineer','Andela','2018-11-01','2019-02-01','Designed and wrote test automation scripts\n* Used test automation frameworks\n* Investigated problems in software as a result of testing',13),('Technical Team Lead','Andela','2018-07-01','2019-10-01','Led team standups\n* Sprint review, retro, planning sessions\n* Reviewed code\n* Reviewed team performance\n* Check-ins with learning facilitators\n* One-on-one support to unblock team members',13),('Learning Facilitator','TeenCode Africa','2018-01-01','2019-02-01','Supported learning of secondary school students in learning HTML, JavaScript and CSS',13),('Backend Engineer','Bank of Kigali PLC','2021-09-01','9999-01-01','Technologies used: Java, Rest API, SQL, SMPP, ActiveMQ, Git, Docker, Spring Boot\n* Deployed applications built using Azure CI CD pipelines\n* Deployed international payment on internet banking\n* Integrated old internet banking with new core banking(T24)\n* Implemented and deployed SMS gateway with SMPP\n* Implemented new mobile app, backend',14),('Software Developer','Gahima Communication LTD','2017-03-01','2021-02-02','Technologies used: Java, Rest API, SQL, Git, Docker, Java, Play, Spring Boot\n* Implemented E-transaction\n* Improved high scalability of the E-transaction\n* Integrated with different external web services',14),('Software Developer','Innovel Technology LTD','2016-02-01','2017-02-01','Technologies used: Play framework\n* Worked as a software developer',14),('Software Developer','Ajisoft','2015-01-01','2015-12-01','Technologies used: C#, asp.net\n* Worked as a software developer using C# language for both web and desktop application (asp.net)',14),('Junior Developer','Bokri Software Technologies','2019-02-01','2020-03-01','Communicated with department employees for requirement\n* Hands on experience on the software industry\n* Designed and Developed Web and Mobile Apps\n* Enhanced and improved existing system\n* Worked as an Application developer on large scale project (Rufta EMR)\n* Developed word suggestion application',15),('Data collection Tool Improvement and Automation','TBI research project','2020-01-01','2022-01-01','Technologies used: Python, Flask, NumPy, ROS, Bash or shell scripting (Rsync, cron)\n* Python server for initiating some sensors, listening to sensor data and keeping received data in storage\n* Collected SLAM algorithm data from RPLidar and real sense tracking camera using ROS system and additional bash scripts\n* Android app for sending audio and other sensor data',16),('Research Work','TBI Research Project','2020-01-01','2022-01-01','Technologies used: Python, Matplotlib, NumPy, pandas, SciPy, TensorFlow\n* Worked on environment Classification from speakers playing same ultrasound signal from different sources: data preparation, neural networks based classification\n* Fingerprinting system using weighted kNN, clustering techniques\n* Studied effects of obstacles, motion and the environment on same ultrasound signals played from multiple speakers: visualization, finding anomalies ',16),('Fingerprint System Prototyping','TBI Research Project','2020-01-01','2022-01-01','Technologies used: PHP, Python, Swift, MySQL, Android Java \n* Integrated SDK for both platforms, fingerprinting integration with kNN and other smoothing algorithms integrations\n* Map for showing indoor maps, current position and navigation\n* Navigated using A algorithm and motion planned indoor maps\n* Backend for serving fingerprinting data, navigated data and indoor map data',16),('Android SDK Development','Koopango SDK Development','2021-01-01','2021-12-01','Technologies used: Android Java, Git CI, Gradle tools, FFT.java\n* Implemented an android SDK in a team\n* Performed Test planning, test data preparation, unit tests and stress testing\n* SDK distribution planning',16),('iOS SDK Development','Koopango SDK Development','2021-01-01','2021-12-01','Technologies used: Swift, Alamofire, Accelerate, Dispatch Queues, CocoaPods, Carthage\n* Full SDK implementation in swift\n* Audio processing, acquiring microphone data, frequency domain manipulation, cross correlation etc.\n* Implemented test cases; unit testing and stress testing\n* SDK distribution planning',16),('Indoor Positioning for a Retail Chain','DEJ Technology Gmbh','2018-01-01','2020-01-01','Technologies used: Octave/MATLAB, Python, SciPy, NumPy, Python multiprocessing, Matplotlib, pySerial, Arduino IDE, Java, Java multithreading, jSerialComm\n* Built real-time data collection tools from IMU sensors in an Arduino setup: integrated in to other systems, synchronized time, calibrated scripts etc.\n* Extended Kalman filter for position estimation: Building motion models, designing error models, building and testing Kaman filter updates, parameter tuning etc.\n* Simulated annealing for parameter estimation\n* Naive Bayes based stationary detection for classification of movement\n* Prototype implementation in java, accessed serial port for Arduino in java, extended Kaman filter implementation, unit tested etc ',16),('Back-End Developer','PayHub(PayVault)','2021-04-01','2021-12-01','Developed service provider integrations (integrating mobile money, airtel money, interswitch, cellulant to the core system',17),('Mobile App Developer','CreativityInMotion','2020-12-01','2020-12-30','Built an android mobile application Wall8t , money Exchange App',17),('Android and Back-End Developer','Panda Solar','2019-07-01','2020-08-01','Developed back end to generate solar tokens for loan purchased solar devices, payments made through MTN mobile money',17),('Software Engineer','Rwanda Public Procurement Authority','2021-01-01','9999-01-01','Technologies used: Java, Spring Boot, Spring MVC, Hibernate, Oracle, KMS, JSP, JavaScript, CSS\n* Designed and managed highly available Kubernetes clusters on AWS\n* Troubleshooted complex Kubernetes issues, including performance bottlenecks and scalability challenges\n* Added features(modules) to the E-procurement system and maintaining system\n* Developed the delivery and invoice module in the Umucyo contract management system',18),('Software Engineer','Irembo Ltd','2018-10-01','2021-01-01','Technologies used: Java Spring Boot, Postgres, MongoDB, OrientDB, Gigaspaces\n* Successfully designed and lead the development and provided technical support of MINALOC, RSSB, HEC, MHC, NOTARY, DGIE and RLMUA services on Irembo 2.0\n* Developed 90 percent integration processing units used by the Rwandas GSB\n* Fully developed the authentication, and report micro-services used by Irembo 2.0.\n* Designed, developed and documented 60 percent of Irembo 2.0 Restful and all Soap web services which are used by Irembo partners\n* Developed the translations and notifications modules for Irembo application\n* Mentored junior developers, reviewed code and designs for other team members \n* Initiated the design review process which improved knowledge sharing and better designs in the company\n* Managed integrations, feature priorities and sprint management for Irembo project',18),('Product Engineer','RwandaOnline Platform Ltd','2018-01-01','2018-09-01','Collected and designed Irembo 2.0, government ESB technical and user requirements\n* Contributed to the design of engineering culture at Irembo\n* Developed the handover and maintenance plan of E-BPMIS from OTB Africa to RHA',18),('Graduate Teaching Assistant','Carnegie Mellon University','2017-08-01','2020-12-01','Courses given: data Inference, applied machine learning, big data science, data analytics & data structures and algorithms\n* Reinforcing lectures through recitations, preparing assignments and grading them',18),('Data Analyst Intern','RwandaOnline Platform Ltd','2017-05-01','2017-08-01','Built Dashboards to support decision making leveraging real time data analysis\n* Automated reporting for the operations department',18),('Research Assistant','BBOXX. Ltd','2016-06-01','2016-08-01','Conducted research on scaling up solar energy in Rwanda using smart energy systems\n* Designed questions and carried out over 300 in-depth and focus group interviews',18),('Research Assistant','Laterite Ltd','2014-09-01','2015-08-01','Produced data for an academic paper on the effectiveness of state policy in Rwanda\n* Conducted successfully over 400 in-depth interviews in Southern and Eastern provinces',18),('Java Software Developer','Scopex','2019-04-01','9999-01-01','Gathered business requirements, responsible for architecture, development and maintenance of the hospital management web application workflow solution and building a rich client side interface by using OOP\n* Designed and developed Backend logic and REST Web services by using Java, Hibernate and MySQL\n* Built and deployed project in development environment and released coordination for other upper environments\n* Worked on developing data models by configuring Hibernate persistence layer, mapping Java classes with database using Hibernate, Hibernate query language (HQL and JPQL)\n* Analyzed business requirements and determined feasibility of implementation\n* Used Maven tool for managing projects build, reporting and documentation from a central piece of information\n* Deployed and Maintained app servers (Wildfly, Tomacat, Glassfish, Payara',19),('Java Software Developer','Shekinah Group','2018-10-01','9999-01-01','Gathered business requirements, responsible for architecture, development and maintenance of the hospital management web application workflow solution and building a rich client side interface by using OOP\n* Designed and developed Backend logic and REST Web services by using Java, Hibernate and MYSQL Build and Deploy project in development environment and release coordination for other upper environments\n* Deployed and Maintained app servers (WildFLY, Tomcat, Glassfish, Payara)',19),('Systems Administrator','Afrintic Sarl','2017-01-01','2019-10-01','Determined compatibility with various software by developing modification and integration programs\n* Oversaw IT activities to maintain operations by maintaining laptops, tablets and PDAs for users\n* Spearheaded inventory control measures to replenish and maintain IT equipment, supplies, tools and replacement parts\n* Orchestrated integration and communication of software upgrades\n* Developed programs to integrate and update software products and improve system compatibility\n* Created patches and solutions to fix bugs in existing applications\n* Developed data architecture design to enable analysts to perform targeted customer analysis\n* Built application platform foundation to support migration from client-server product lines to enterprise architectures and services\n* Diagnosed and troubleshot UNIX and Windows processing problems and applied solutions to increase company efficiency\n* Designed and implemented new server standards for core business services\n* Surveyed network usage and logged various points of access to focus on improving system performance and limiting downtime\n* Discussed potential problems with network and computer usage with other staff members and explained how to get the best performance from individual workstations\n* Completed repairs or submitted replacement orders for equipment that wasnt performing at capacity',19),('Java Developer','Afriintic Sarl','2016-05-01','2017-01-01','Technologies used: : Java 1.8, J2EE, JSF, Servlets, JDBC, JAX-RS, HTML, XML, JQuery, Java Script, NetBeans IDE\n* Designed and implemented a highly traffic intensive website and provide cows management and localization wherever they are in farms, it monitors everything on those cows \n* Developed Backend logic and JSF/HTML client side for this web app\n* Used JSTL for condition handling and the Spring Action classes methods were configured in the XML file\n* Implemented Dependency Injection using concepts like CDI\n* Developed web model in JSF/PRIMEFACES framework for the J2EE application\n* Used DAOs(Data Access Object) that contain data access functions for creating a data object in the database, deleting a data object from the database, loading/searching for data objects from the database and updating data objects in the database with JPA (Java Persistence API) and MySQL\n* Wildfly Application Server has been used for the deployment',19),('Software Engineer','Hash Agency','2022-03-01','9999-01-01','Technologies used: TypeScript, NodeJs, PostgreSQL, AWS, GraphQL, Automated Testing, Golang, DevOps\n* Built APIs for Finesse’s mobile and admin app with connections to the Shopify app\n* Managed cloud architecture and hosting',20),('Software Engineer','1sm','2021-08-01','2022-04-01','Technologies used: TypeScript, NodeJs, PostgreSQL, AWS, Digital Ocean, CubeJS, Keycloak, DevOps\n* Built an analytics server for transforming SQL data\n* Built APIs for dashboard management',20),('Software Engineer','Dola(Drooler)','2020-08-01','2022-02-01','Technologies used: TypeScript, Node.js, Firestore, Terraform, GCP, DevOps\n* Maintained cloud architecture and server-side logic for shipping and sales\n* Built Zapier integration for fulfilling shipments and automating workflows (e.g. emails) on Dola\n* Built APIs for managing live streams on Drooler',20),('Software Engineer','Elliot','2019-12-01','2020-07-01','Technologies used: NodeJs, JavaScript, Python, Jest\n* Quality assurance automation on the API which helped to improve the development cycle by preventing regressions',20),('Software Engineer','Andela','2019-01-01','2019-09-01','Technologies used: NodeJs, JavaScript, Python, MySQL\n* Worked in a team of 5 that developed REST APIs for an Enterprise hospitality service',20),('Senior Software Engineer','Healthier Kenya','2020-09-01','9999-01-01','Technologies used: JavaScript, Python, C#, HTML, Sass, SCSS, jQuery, Google cloud functions, SQL, Node.js\n* Developed software requirements for the organization',21),('Founder','CanoalSystems','2012-11-01','9999-01-01','Technologies used: PHP, Java, JavaScript, Python, C++, React.js, C#, Vue.js, Angular.js, HTML, Google cloud, Sass, SCSS, CSS, relational and non-relational databases\n* Started as a freelance software developer in PHP, Java, C++, Python, React.js, C#, Vue.js, AngularJS, HTML, JavaScript, Google cloud, SCSS, SCSS, CSS, relational and non-relational databases',21),('Senior Software Engineer','Uzima Health','2018-06-01','2021-05-01','Technologies used: Vue.js, MongoDB, Express.js, Node.js, Bootstrap, JavaScript, CSS, Sass, SCSS\n* Developed Hospital Information systems in a MEVN environment',21),('Senior Software Developer','Medbook Kenya Limited','2020-06-01','2020-09-01','Technologies used: JavaScript, C#, SQL , jQuery, HTML, CSS, Sass, SCSS, \n* Developed Dotnet H.M.S system\n* Created workflows and managed the team to ensure timely delivery of all requirements',21),('IT Support Technician','National Council for Population and Development','2014-11-01','2015-05-01','Provided technical support to all staff\n* Ensured all network security and accessibility to authorized users\n* Maintained the organizations software and set up new features\n* Developed new requirements to ensure growth and optimum performance of the entire system',21),('Software Developer','iRob Technologies','2018-01-01','9999-01-01','Created code and improved servers, server-side applications and databases',22),('Attachment at MMUST','Masinde Muliro University of Science and Technology','2016-01-01','2016-12-01','Worked in the department of Computer Science and Information and Communication Technology',22),('Technical Architect','Cortech System Ongata Rongai','2021-06-01','9999-01-01','Designed, implemented and managed security countermeasures when network vulnerabilities are identified\n* Designed custom software solutions and methodologies\n* Facilitated ICT activities including setting up of desktop servers and providing network solutions',23),('Software Engineer','Adanian Labs Nairobi','2021-01-01','2021-06-01','Participated in conceptualizations of ideas to production level in a mobile application(flutter)\n* Provided level and level II support\n* Built an easy money transfer application',23),('Senior Software','Vantage Intellica Limited','2020-01-01','9999-01-01','Implemented O(n) Search algorithms utilizing tries and Ahocorasic double trie matching algorithm\n* Implemented ML classification using ML.NET and a sentiment prediction service using python NLTK\n* Emailing using SendGrid for in app processes\n* Setup CICD for react native android application using app center for internal testing, and play store for beta and public consumption\n* Implemented crawlers for Twitter, YouTube and main stream media\n* Implemented service mitigation strategies: exponential backoff, retry, circuit breaker\n* Implemented distributed data processing over multiple servers using SQS queues',24),('Software Engineer Consultant','Keroche Breweries Limited','2019-10-01','2019-12-01','Consulted in the backend API for a sales automation system to keep track of orders, deliveries and dispatches\n* Geocoding of outlets, for mapping and enforcing order taking only within given radius from the outlet\n* Pricing control and determination depending on type of outlet\n* Sales personnel management tracking performance and targets\n* Sales report generation at company, region and depo levels\n* Dispatch tracking and stock taking',24),('Software Engineer','Tingle Software Limited','2017-07-01','2019-10-01','Maintained MSSQL databases daily backup to blob storage\n* Implemented Client Fintech Logic\n* Implemented Micro services Using Azure Service Fabric for SAAS offerings\n* Performed DB Index maintenance and records Archiving using cron scripts\n* Setting up CI/CD Azure DevOps pipelines',24),('Software Developer','Food For The Hungry','2019-09-01','9999-01-01','Tasked with the full stack development of Enterprise systems for use worldwide\n* Collaborated with teams in Kenya, Ethiopia and Phoenix (USA)',25),('Software Developer','Legibra','2017-01-01','2019-08-01','Developed Web Applications using Laravel and Node.js\n* Developed Restful APIs using Laravel and Node Express and securing them using JWT and Passport for Laravel\n* Carried out test driven development using PHP unit\n* Integrated local and global popular APIs using Node.js and Guzzle for Laravel, including Mpesa Daraja APIs and Visa APIs\n* Developed WordPress Websites\n* Handled all payments integrations and maps and graphs requirements\n* Deployed Web applications to servers including Digital Ocean and AWS',25),('Intern Software Developer','Scope Intervention','2015-08-01','2016-01-01','Developed front end web using bootstrap and JavaScript\n* Converted html code to a WordPress theme using underscores\n* Developed internal software for the company to manage resources including employees,\n funding and (forest cover using Leaflet.js)',25),('Software Developer and Consultant','Nais Technologies','2016-03-01','9999-01-01','Technologies used: Python, Java\n* Met clients on site, discussed, offered advice and designed the system architecture per the project\n* Made sure the technical architecture aligns with the company’s functional and non-functional requirements\n* Advised and solved the technical problems the client may be facing and how to approach to a solution for his/her business\n* Developed the system as per agreed, consulted designs and documents\n* Integrated the system if the system needs to be and providing support and bug fixing',26),('Founder and Software Engineer Manager','Nais Technologies','2011-12-01','9999-01-01','Technologies used: Python, Java\n* Performed concurrent roles in business development, program management, team management for all client projects for the company\n* Developed Custom Odoo(Openerp) Modules for Clients\n* Supported the Odoo(Openerp hospital management module on opener v6 and v7\n* Worked with Web Servers Nginx, Apache2 in nais.co.ke& nais.co.ke:8069, Cloud Servers\n* Set up, administered, hosted and managed the Server\n* Clientele custom software development with clientele specification , repair and partial hardware repair',26),('Python Software Developer','Radio Africa Group Ltd','2015-07-01','2016-02-01','Technologies used: Python\n* Analyzed the Company process flow and design the system architecture\n* Made sure the technical architecture aligns with the company’s functional and non-functional requirements\n* Advised on the architectural strategies and best practice to approach the development with the CEO and head of I.T\n* Developed the system as per agreed documents\n* Integrated the system with Odoo ERP and its Workflow\n* Provided support and bug fixing',26),('Software Developer','Eclectics International Ltd','2014-01-01','2015-03-01','*Technologies used: Java Enterprise Edition\n* Managed data analysis and data integration of disparate systems within the infrastructure documented by iExceed team\n* Built extensible data acquisition and integration solutions to meet the functional and non-functional requirements of the business\n* Implemented processes and logic to extract, transform, and distributed data across the four integration systems\n* Optimized the data integration platform to provide optimal performance under increasing data volumes\n* Made sure that data to be loaded into appropriate databases was accurate and was delivered in timely manner without latency that would slow down the business service delivery to customers\n* Developed and documented the data audit, archiving and restoration processes\n* Developed quality standards to ensure data quality and integrity across various database systems\n* Developed data integration standards according to the organizations information services policies as well as best practices\n* Developed the data integration models and other design specifications to source codes\n* Made sure that the systems were of high quality and operating at optimum for the data integration system to work efficiently',26),('Developer','JJpeople','2012-05-01','2013-12-01','Technologies used: Java, CSS, Spring Framework ,Spring Security, JSP, HTML5, JavaScript\n* Developed the Landing page of the Tunaweza enterprise application\n* Developed the social module of the project and did integration with social network sites\n* Refactored code to enforce Java conventions and good coding practice\n* Ensured successful builds every end of one week sprint and automating the builds with Jenkins\n* Implemented automatic loading of courses from database using Ajax\n* Wrote unit tests for the backend and payment service\n* Wrote unit tests for frontend selenium, easymock, html unit',26),('Associate Software Engineer','Andela Rwanda Ltd','2020-01-01','2020-04-01','Wrote clean code for different company projects\n* Wrote tests for projects to ensure Quality\n* Organized, communicated and coordinated different company events\n* Led the technical team on different projects for the new Recruits who are learning\n* Coached and mentored new recruits\n* Created and executed unit test cases',27),('FullStack Software Engineer','Andela Rwanda Ltd','2019-10-01','2019-12-01','Worked on assigned tasks\n* Made sure to write tests for every task assigned\n* Organized, communicated and coordinated project demos',27),('Mid-Senior level Engineer','Wespire, Boston','2020-07-01','9999-01-01','Developed a multi-tenant application that lets teams across the globe maintain a healthy work-life balance',28),('Senior Level Engineer','Shelter Animals Count','2022-05-01','2022-10-01','Developed data charts to show animal intakes, outcomes and services\n* Developed forms to allow intakes, outcomes and services',28),('Mid-Senior level Engineer','Bombfell, New York','2019-01-01','2020-03-01','Developed a diverse Inventory, Styling and Subscription management tool\n* Refined the order preview process and a shop feature allowing subscribed users to buy items',28),('Entry Level Developer','Asset-Map, Philadelphia','2018-01-01','2019-01-01','Incorporated various financial tools into one platform\n* Reduced challenges faced by financial professionals by implementing a cutting-edge tool that helps advisors communicate by building a one-page financial landscape that humans can understand, bridging the gaps in traditional financial techniques',28),('Software Developer','Andela, Nairobi','2017-01-01','9999-01-01','Spearhead the design and development of customized applications and tools throughout the agile software development lifecycle\n* Drove development from concept through testing and implementation to achieve all project milestones\n* Successfully scaled internal services through a restructure of all monolith applications into independently managed microservices',28),('Lead Software Developer','Infoedgy, Nairobi','2014-01-01','2017-01-01','Founded, managed and operated a start-up that set out to provide affordable development and telecommunication solutions across the country',28),('Developer Engineer','Airtel DRC','2018-01-01','9999-01-01','Technologies used: Java EE (JSF, JSP, EJB, JPA, Hibernate), Primefaces, Spring, HTML CSSS, TypeScript, Angular, Jboss, WildFLY, GlasFish, Httpd App servers, Git, Maven, Oracle, MySQL, REST, SOAP\n* Developed USSD applications \n* Deployed App server cluster (Java servers and Load Balancers)\n* Managed self-signed certificates that are compliant with Airtel policies\n* Implemented Single-Sign-On for all new UIs using the existing LDAP\n* Defined the MOP (method of procedure) of apps deployment activities and backup strategies\n* Developed provisioning tools\n* Developed Simbox barring applications\n* Set up a local Git server',29),('Full Stack Developer and DevOps','XECO','2017-01-01','2018-01-01','Technologies used: Flask and Python, Java EE (JSF, JSP, EJB, JPA, Hibernate), Primefaces, HTML, CSS, Widfly, glassish, Git, Maven, Digital Ocean, Debian, Apache2, Mysql, AES Encryption\n* Created software that reads all monthly forecasts from an Excel spreadsheet\n* Had a clear process algorithm of reading data: filling a template, cleaning data and encrypting them\n* Provided an interface where user can select any product and the software generates the waterfall analysis per selected product',29),('Developer consultant','DGI Kinshasa','2018-01-01','2018-12-01','Technologies used: Glassfish server tuning, Authentication management and security, APIs and service oriented architecture (SOA), JasperReports for PDF, Java EE (EJB, JPA, JSF, PrimeFaces), SQL Server, SOAP, SF, JSP, PrimeFaces, Windows Server\n* Created a software that handles millions of records while reducing server latency and handling database transactions\n* Tuned Glassfish server configurations, connection pools and queries for lightweight requests\n* Increased security while providing a transparent user management module\n* Made the app more customizable according to users needs\n* Provided SOAP APIs for third party apps\n* Creating a more user-friendly interface to make the system easy to use\n* Provided reporting module and generating PDF',29),('Full Stack Developer Engineer','Afriintic Sarl','2016-01-01','2017-01-01','Technologies used: Java EE, HTML, CSS, JS, MySQL, Web services consuming (REST, SOAP), OpenShift\n* Used a hosted multi carrier SMS gateway REST web service\n* Provided user authentication, management and dashboard\n* Provided interface for managing phonebook, contact groups and phone number import and export',29),('Java Developer Consultant','Panzi Hospital','2014-01-01','2015-01-01','Patient data registration forms\n* User-friendly UI\n* Reporting tool',29),('Web Developer','Upwork','2022-09-01','9999-01-01','Technologies used: Laravel, core PHP, Vue.js, React.js, HTML, CSS (Tailwind CSS, Bootstrap), MySQL, SQL',30),('Full stack Web Developer','Freelance.com','2021-10-01','2022-09-01','Technologies used: Laravel, CSS (Tailwind CSS, Bootstrap), JavaScript, Vue.js, JQuery, HTML, React.js',30),('Software Developer (Intern)','KCA University','2022-01-01','2022-04-01','Worked as a software developer, Intern',30),('Full Stack Engineer','FreeLancer','2020-04-01','9999-01-01','Technology Used: Typescript, Node.js, GraphQL, Sequelize, Redis and React\n* An HR system for a client\n* Designed a Courier System management system that uses Node.js, Express, REST, Docker, React\n* Led the backend team',31),('Software Engineer','Andela','2019-08-01','2020-04-01','Worked on two main team products with teams of between 10 to 20 members\n* Led the Sprint for 5 teams since joining',31),('Finance and Investment Intern','Actuarial Services East Africa Ltd.','2015-03-01','2015-06-01','Researched and reported on Kenya’s economy and developments for the last 5 years\n* Day to day data entry',31),('Software Engineer','Andela, Nigeria','2018-11-01','9999-01-01','Technologies used: JavaScript, TypeScript, Node.js, Angular\n* Wrote highly maintainable, solid code in JavaScript and TypeScript for Andela Internal Technology system that formed the core framework and won consistent praise from subsequent developers and partners since the initial version\n* Worked with a team of project managers, software engineers, quality assurance and DevOps engineers to automate Andela Kenyas trip management processes\n* Worked with project managers, developers, quality assurance and DevOps to resolve technical issues\n* Worked on the following features: trip management, cab management, and trip analysis using Node JS and Angular 7\n* Worked in an Agile-driven environment to effectively maintain project timelines and utilize available resources',32),('Product Engineer','Flutterwave Inc.','2019-08-01','2020-04-01','Worked in a team of 4 developers to Revamped Flutter wave v2 APIs to conform with modern API standards, making them easy to use and integrate\n* Worked as the backend engineer for the product onboarding team, which ensures onboarding into the Flutter wave payments ecosystem as seamless as possible\n* Worked in the collection team to integrate external payment platforms including mobile money platforms with Flutter wave Rave and third-party European payment solutions (Acquired.com)\n* Designed new scalable features using Amazon SQS, MySQL, RabbitMQ, MongoDB and Node.js to be included in the companys major product\n* Tested current codebase with Jest and Super test to figure out vulnerabilities in the code\n* Conducted regression testing, analyzed results and submitted observations to the team lead',32),('Web Developer and SEO Specialist','Drinks.ng and Spartan Media','2017-01-01','2018-08-01','Maximized user flow in the retail section of the website\n* Created SEO Optimized landing pages with JavaScript, HTML, CSS\n* Created eye catching and functional digital design concepts across various platforms to strengthen company brand and identity\n* Ensured companys websites are compatible with top browsers, including Firefox, Chrome and Safari',32),('Web Developer','Stuc Colors','2014-01-01','2017-01-01','Created websites using WordPress\n* Designed new features for existing websites\n* Provided technical support to users of the sites',32),('UI, React.js Developer','Indeed.com','2016-07-01','9999-01-01','Involved in designing web pages using HTML 5, CSS3, JavaScript, Bootstrap, SASS, LESS, React.js, Redux , Flex and Mongo DB\n* Responsible to Style, look and feel of the web page with SASS that extends CSS with dynamic behavior such as variable, mixing, operations and functions\n* Worked on React JS Virtual Dom and React views, rendering using components which contains additional components called custom HTML tags\n* Implemented various screens for the front end using React.js and used various predefined components from NPM (Node Package Manager) and Redux library\n* Responsible for React UI and architecture, building components library, including Tree, Slide-View and Table Grid\n* Implemented stable React components and stand-alone functions to be added to any future pages\n* Used React JS for templating for faster compilation and developing reusable components\n* Configured Web pack to execute linters, magnifiers, pre/post-processors, tests, transpires, etc. based on build target\n* Experienced in RESTful web services to integrate between Server side to Client Side\n* Worked with Jasmine unit test framework to write unit tests for JavaScript code\n* Handled cross browser, platform compatibility issues (IE, Firefox, and Safari) on both Windows',33),('UI, React.js Developer','Kireka Chess Club.org','2021-06-01','2021-12-01','Designed CSS templates for use in all pages on the website working with CSS Background, positioning, text, border, margin, padding, and table\n* Applied optimization techniques to reduce page size and load times to enhance user experience using sprites\n* Developed user interface by using the React JS, Flux for SPA development\n* Used React-Router to turn application into Single Page Application\n* Worked in using React.js components, Forms, Events, Keys, Router, Animations and Flux concept\n* Used Web services (SOAP and RESTful) for transmission of large blocks of XML(JSON)\n* Implemented the Drag and Drop functionality using React-Draggable\n* Used React Autocomplete for creating google maps location search on the webpage \n* Added Excel Builder to download the Tabular data in Excel format using React.js\n* Worked closely with the Back end team to display data using the Custom Components, library Components and Redux\n* Added Dynamic Functionality by creating and dispatching Action Creators that deployed Actions\n* Used Object Oriented Programming concepts to develop UI components that could be reused across the Web Application\n* Extensively used Git for version controlling and regularly pushed the code to GitHub\n* Used JIRA as the bug tracking system to track and maintain the history of bugs, issues on everyday basis\n* Monitored the offshore work and provided technical help to the offshore team for their JIRA tickets\n* Interacted with Testing Team, Scrum Masters and Business Analysts for fixing of Issues\n* Performed the System Testing, Regression Testing for Complete UI after fixing the issues which are reported by Testing Team',33),('Full Stack Developer','Horelo','2018-04-01','2021-08-01','Technologies used: React native, Java, Node.js, Android, CSS, firebase, GraphQL, JavaScript, Git, GitHub, Trello layout',33),('Full Stack Developer','ichuzz2work.com','2015-05-01','2021-03-01','Reviewed code, debugged problems and corrected issues\n* Prepared Technical Specifications based on the functional requirements\n* Extensively used React.js an React Native for UI components\n* Experienced using Bootstrap for layout\n* Worked on creating responsive website and mobile for smart devices using Responsive design and media queries\n* Used AJAX extensively to implement front end user interface features in the application\n* Developed the pages that are complaint to W3C standard\n* Coordinated with Interface Design Architects for meeting accessibility standards at code level\n* Involved in development of User Interface using HTML, HTML5, CSS, CSS3, JavaScript, jQuery, AJAX, JSON and React.js React native\n* Developed different jQuery component in MVC micro architecture framework, which internally use various design pattern such as singleton, command, delegate etc.',33),('Web Developer','Kireka Chess Club','2014-09-01','2016-06-01','Gathered and analyzed the requirements and converted them into User Requirement Specifications and Functional Requirement Specifications for the designers and developers to understand them as per their perspective\n* Involved in development of User Interface using HTML, HTML5, CSS, CSS3, JavaScript, jQuery, AJAX, JSON and Angular\n* Extensively used Angular UI (Angular Bootstrap) for ng-grid and UI components\n* Debugged the application using Firebug to traverse the documents and manipulated the Node.js using DOM and DOM Functions\n* Participated in the team on agile development cycle\n* Followed SCRUM methodology\n* Produced content pages with CSS3 layout and style markup presentations and also used JavaScript methods and properties\n* Developed different jQuery component in MVC micro architecture framework, which internally use various design pattern such as singleton, command, delegate etc.\n* Version control using SVN\n* Ensured site design integrity and quality control consistency throughout the projects lifecycle\n* Updated the website from time to time for special Requirements\n* Provided declarative and programmatic security by authorizing the logged in user based on User designation\n* Involved in Unit, Integration and System Test and maintain application',33),('Software Developer','Comfi Health, Personal Project','2021-09-01','9999-01-01','Technologies Used: Java, Spring Boot, PHP, Laravel, JavaScript, Vue.js, Ionic, PostgreSQL, AWS, Docker, RabbitMQ, Git\n* Worked as a developer in a research project in health promotion\n* Prototyped uncertainties for clear thoughts on technical decisions',34),('Compatibility Developer','OnTheGo Systems','2022-06-01','2022-08-01','Technologies Used: PHP, Wordpress, JavaScript, React, MySQL, MariaDB, Docker, Git\n* Resolved compatibility issues of internal tools with partners plugins\n* Provided better quality of codes and avoided regressions or tech debts\n* Resolved and monitored tickets, ensuring smooth execution of tasks\n* Maintained good communication of all parties involved',34),('Full Stack Developer','Rwanda Build Program','2020-08-01','2022-07-01','Technologies Used: PHP, Laravel, JavaScript, Vue.js, MySQL, MariaDB, Docker, RabbitMQ, Git\n* Implemented new solutions from scratch and maintained exiting codes\n* Addressed scalability issues for easy maintenance, availability and performance in Laravel application\n* Facilitated and trained new backend developers with software architectures and security best practices in PHP and Laravel application',34),('Software  Developer','Academic Bridge','2019-08-01','2020-04-01','Technologies Used: PHP, Laravel, Vue.js, JavaScript, MySQL, MariaDB, Git\n* Integrated APIs in an application to record financial transactions\n* Experienced with advertising products App',34),('Software Developer','Sky Access','2018-08-01','2020-01-01','Technologies used: PHP, Wordpress, MySQL, MariaDB\n* Built online Booking systems, primarily developed Front-End solutions\n* worked with UX designers and implemented successful designs',34),('Backend Developer','Alat by Wema','2020-01-01','9999-01-01','Code optimization for speed throughout the application\n* Used elastic search to log errors for visualization with kibana and other frontend tools throughout the application\n* Built foreign fund transfer feature for domiciliary accounts',35),('Full stack Developer','Bluetag Technologies','2019-01-01','2019-12-01','Technologies used: Angular.js, python, React.js, API, .Net Core\n* Worked with senior engineers, product managers and customers to clarify user stories, estimate tasks and deliver quality code within the committed iteration\n* Worked with applications management to provide tier 3 support for production issues\n* Wrote code and assisted in development of new products, features and enhanced and maintained existing ones\n* Created and executed unit test cases(both automated and manual)\n* Provided progress reports to management and other affected stakeholders\n* Coded, Compiled, Unit tested, integrated, packaged and deployed a developed software\n* Executed software development for outlined work and support \n* Maintained and documented software’s functionality, design and architecture\n* Assisted in preparing project plans using project management tools',35),('Backend Developer','Parkway Projects','2018-01-01','2018-12-01','Involved in the complete software development life-cycle, including working with the production operations team to prepare and execute releases\n* Made recommendations towards the development of new code or reuse of existing code\n* Proactively worked on assigned tasks and task areas and co-ordinate the work effort\n* Developed innovative features that are highly performant, compatible and responsive\n* Ensured that technical software development process is followed on the project, familiar with industry’s best practices for agile software development\n* Analyzed, designed, developed and tested software applying best practices of software engineering at every phases of the development process\n* Worked with teams to design, create and improve new and existing products, platforms and transactions\n* Worked in technical leadership of development remote teams\n* Created an automated unit tests using Flexible, Open Source Frameworks using a test driven development approach\n* Proposed designs for complex features with maintainability and performance in mind',35),('Full Stack Software Engineer','Turing','2022-01-01','9999-01-01','Technologies Used: React, AWS, Nest.js, MySQL\n* Developed web components using React\n* Developed endpoints using the NestJS framework\n* Integrated third party APIs such as Vungle and AppLovin to deliver ads into mobile games\n* Integrated third party APIs such as Vungle and AppLovin to deliver ads into mobile games\n* Used Vagrant to create and provision EC2 instances in AWS\n* Used AWS SQS to queue system jobs to run in the background\n* Used AWS S3 bucket to store assets for creating games\n* Used AWS SES to send out emails from the backend\n* Deployed NestJS microservices with Elastic Beanstalk on AWS\n* Handled payment failures for Stripe checkout pricing page for product subscriptions\n* Achieved an increase in successful payments by integrating Xsolla as an alternative payment platform\n* Generated more revenue for the company by creating an assets and templates shop that allowed creators to make revenue by selling their assets and templates',36),('Lead Frontend Engineer','Konza Silicon','2021-08-01','2022-01-01','Chaired sprint meetings to ensure that tasks were well assigned and completed\n* Ensured that the goals of the team were achieved fueled by the contribution of each and every member of the team\n* Coordinated with other team leads to ensure that the overall mission and vision of the company are met\n* Achieved a higher team output in terms of features and also efficiency',36),('Frontend Engineer','Konza Silicon','2019-06-01','2022-01-01','Worked together with the UI UX team to ensure that the product designs have been fulfilled to the latter, using Angular and TypeScript, and SCSS for styling the web pages\n* Reduced the Angular app build time from 2 hours to about 10 minutes, by ensuring the reusing of components and reducing redundant code\n* Designed and implemented deployment strategy of the frontend application i.e. creating pipelines to automate the development(release) cycle and containerizing the app using Docker\n* Wrote unit tests for components using Jasmine, therefore ensuring that only quality code free from bugs is shipped to production\n* Defined the front-end architecture, hence ensuring that the code base is well structured and easy to maintain\n* Optimized solutions, and applied suitable algorithms hence ensuring that the application is not expensive to the client in terms of computing resources\n* Implemented a lazy loading approach for the back office application. The apps performance improved by 50 percent. Achieved this by breaking the app into smaller lazy-loaded modules\n* Orchestrated the containers using Docker Swarm which helped with the high availability of the application ',36),('Senior React Developer(Remote)','Better Together Organization','2019-08-01','2020-02-01','Consumed Instagram API to display the companys Instagram activity\n* Split the application built in React (Next.js) into smaller components, to ensure the code base is organized and easier to maintain\n* Used the Styled Components library in the project, which ensured that the code was much more concise and declarative\n* Achieved a faster page load and also a smaller build size',36),('Senior Web Developer','Safe Meet Organization','2016-01-01','2018-06-01','Developed a system to enable students to report bullying cases in the United States of America\n* Developed a portal to allow students to fill out forms for reporting bullying cases\n* Developed a PHP video streaming service that allowed students to upload videos of themselves to the platform\n* Developed a mailing service in PHP to enable students to send and receive emails from the platform',36);
/*!40000 ALTER TABLE `experience` ENABLE KEYS */;
UNLOCK TABLES;

--
-- Table structure for table `frameworks`
--

DROP TABLE IF EXISTS `frameworks`;
/*!40101 SET @saved_cs_client     = @@character_set_client */;
/*!50503 SET character_set_client = utf8mb4 */;
CREATE TABLE `frameworks` (
  `framework_id` int NOT NULL AUTO_INCREMENT,
  `framework` varchar(50) DEFAULT NULL,
  PRIMARY KEY (`framework_id`)
) ENGINE=InnoDB AUTO_INCREMENT=58 DEFAULT CHARSET=utf8mb4 COLLATE=utf8mb4_0900_ai_ci;
/*!40101 SET character_set_client = @saved_cs_client */;

--
-- Dumping data for table `frameworks`
--

LOCK TABLES `frameworks` WRITE;
/*!40000 ALTER TABLE `frameworks` DISABLE KEYS */;
INSERT INTO `frameworks` VALUES (1,'Node.js'),(2,'Vue.js'),(3,'React.js'),(4,'Express'),(5,'Angular'),(6,'Spring Boot'),(7,'Django'),(8,'Laravel'),(9,'Flask'),(10,'Ruby on Rails'),(11,'Flutter'),(12,'Bootstrap'),(13,'Hadoop'),(14,'Apache Spark'),(15,'PyTorch'),(16,'Hibernate'),(17,'Ionic'),(18,'jQuery'),(19,'Coldbox'),(20,'Angular.js'),(21,'ORM'),(22,'JPA'),(23,'Actix'),(24,'Cfwheels'),(25,'React Native'),(26,'React Flux'),(27,'Spring'),(28,'Spring MVC'),(29,'Spring-Core'),(30,'Spring JDBC'),(31,'Spring Hibernate'),(32,'Apollo'),(33,'Android'),(34,'Next.js'),(35,'Jest'),(36,'J2EE'),(37,'Ext.js'),(38,'Cypress'),(39,'Symfony'),(40,'Yii'),(41,'Spring Microservices'),(42,'Spring Security'),(43,'JavaFX'),(44,'Play'),(45,'Accelerate'),(46,'TensorFlow'),(47,'JSF'),(48,'ML.NET'),(49,'JUnit'),(50,'Apache Camel'),(51,'Apache CXF'),(52,'Pyramid'),(53,'Sequelize'),(54,'Jasmine'),(55,'Nest.js'),(56,'.NET Core'),(57,'Express.js');
/*!40000 ALTER TABLE `frameworks` ENABLE KEYS */;
UNLOCK TABLES;

--
-- Table structure for table `languages`
--

DROP TABLE IF EXISTS `languages`;
/*!40101 SET @saved_cs_client     = @@character_set_client */;
/*!50503 SET character_set_client = utf8mb4 */;
CREATE TABLE `languages` (
  `language_id` int NOT NULL AUTO_INCREMENT,
  `language_name` varchar(50) DEFAULT NULL,
  PRIMARY KEY (`language_id`)
) ENGINE=InnoDB AUTO_INCREMENT=26 DEFAULT CHARSET=utf8mb4 COLLATE=utf8mb4_0900_ai_ci;
/*!40101 SET character_set_client = @saved_cs_client */;

--
-- Dumping data for table `languages`
--

LOCK TABLES `languages` WRITE;
/*!40000 ALTER TABLE `languages` DISABLE KEYS */;
INSERT INTO `languages` VALUES (1,'JavaScript'),(2,'Java'),(3,'TypeScript'),(4,'Python'),(5,'PHP'),(6,'Kotlin'),(7,'Golang'),(8,'C++'),(9,'C#'),(10,'Ruby'),(11,'HTML'),(12,'CSS'),(13,'SASS'),(14,'Rust'),(15,'ES6'),(16,'Lucee'),(17,'Dart'),(18,'HTML5'),(19,'CSS3'),(20,'Swift'),(21,'R'),(22,'XHTML'),(23,'XML'),(24,'Scala'),(25,'C');
/*!40000 ALTER TABLE `languages` ENABLE KEYS */;
UNLOCK TABLES;

--
-- Table structure for table `miscellaneoustechnologies`
--

DROP TABLE IF EXISTS `miscellaneoustechnologies`;
/*!40101 SET @saved_cs_client     = @@character_set_client */;
/*!50503 SET character_set_client = utf8mb4 */;
CREATE TABLE `miscellaneoustechnologies` (
  `tech_id` int NOT NULL AUTO_INCREMENT,
  `tech_name` varchar(50) DEFAULT NULL,
  PRIMARY KEY (`tech_id`)
) ENGINE=InnoDB AUTO_INCREMENT=35 DEFAULT CHARSET=utf8mb4 COLLATE=utf8mb4_0900_ai_ci;
/*!40101 SET character_set_client = @saved_cs_client */;

--
-- Dumping data for table `miscellaneoustechnologies`
--

LOCK TABLES `miscellaneoustechnologies` WRITE;
/*!40000 ALTER TABLE `miscellaneoustechnologies` DISABLE KEYS */;
INSERT INTO `miscellaneoustechnologies` VALUES (1,'Firebase'),(2,'WordPress'),(3,'Apache Kafka'),(4,'NPM'),(5,'Balsamiq'),(6,'Adobe Photoshop'),(7,'Adobe Illustrator'),(8,'Adobe After Effects'),(9,'Adobe XD'),(10,'Redux'),(11,'Alamofire'),(12,'CocoaPods'),(13,'SciPy'),(14,'NumPy'),(15,'Matplotlib'),(16,'Pandas'),(17,'JSerialComm'),(18,'Octave'),(19,'MATLAB'),(20,'Scrum'),(21,'Kanban'),(22,'Vercel'),(23,'Maven'),(24,'Atlassian Jira'),(25,'Taiga'),(26,'Java EE'),(27,'Wagtail'),(28,'Odoo'),(29,'Trello'),(30,'Zipkin'),(31,'Eureka Server'),(32,'Kibana'),(33,'Elasticsearch'),(34,'Agile');
/*!40000 ALTER TABLE `miscellaneoustechnologies` ENABLE KEYS */;
UNLOCK TABLES;

--
-- Table structure for table `projects`
--

DROP TABLE IF EXISTS `projects`;
/*!40101 SET @saved_cs_client     = @@character_set_client */;
/*!50503 SET character_set_client = utf8mb4 */;
CREATE TABLE `projects` (
  `project_title` varchar(50) DEFAULT NULL,
  `project_description` text,
  `candidate_id` int DEFAULT NULL,
  KEY `candidate_id` (`candidate_id`),
  CONSTRAINT `projects_ibfk_1` FOREIGN KEY (`candidate_id`) REFERENCES `candidates` (`candidate_id`)
) ENGINE=InnoDB DEFAULT CHARSET=utf8mb4 COLLATE=utf8mb4_0900_ai_ci;
/*!40101 SET character_set_client = @saved_cs_client */;

--
-- Dumping data for table `projects`
--

LOCK TABLES `projects` WRITE;
/*!40000 ALTER TABLE `projects` DISABLE KEYS */;
INSERT INTO `projects` VALUES ('A4A backend and frontend','An application to help in access for entertainers, built in Python \nDjango and React',1),('pdrplatform','Project for mechanical students built in PHP ',1),('AMA(Africa My Africa)','A book library application built in Django and Ionic frontend',1),('Simple SQL','A library to ease SQL statements in Python',1),('Budget','An application that helps users plan their finances',3),('Zamakenya','Developed an Android and iOS app using React Native\n* Created a Python scraper that fetched articles from local news sites every \n5 minutes\n* Created a Python script that would categorize and trim every news article to about 200 words\n* Created an image compression proxy server that would optimize images for data and size\n* Developed SSH scripts and cron jobs that could work with a Python script to scrape the web\n* Developed Python APIs that were consumed by the app\n* Provisioned and developed the Ubuntu servers used by the app\n',8),('Najibu','Created an app using Flutter and Dart\n* Created a game that is always online using sockets\n* Created a real-time multiplayer experience that can handle up to a developer limited 50 people per game\n* Created an admin dashboard that can add, list, filter, sort and delete quiz questions',8),('Portfolio Website','Built a responsive single page portfolio website with bootstrap then\n configured and deployed on the server',9),('Xpo Pro','Events management app for associations',10),('Blast Ticketing','Events management app for general public',10),('Sternum E-claims','Insurance claims app',10),('Spark SMS','School management system app',10),('Lightnet-ml','A simple neural network library written from scratch in Qt or C++',10),('Object-detection-opencv-tensorflow','An example showing how to load a Tensorflow model in Opencv for object detection',10),('Internet Banking Migration(T24)','Integrated old internet banking that was using the \nsystem BUS API built in xml to adapt the new API that was built in JSON',14),('BK SMS gateway','Participated in system architecture of SMS gateway and its implementation',14),('Kevents','Participated in the system architecture of Kigali event management and its implementation',14),('E-transaction','Participated in the system architecture of E-transaction, implementation and its maintenance',14),('Digital portal','Designed and developed the back end of IRPV Rwanda digital portal',18),('Better Sourcing Platform','Built and deployed a supply chain management platform used in the mining sector\n* Provided full system documentation and user manuals',18),('Twitter Sentiment Analysis','Scrapped data on twitter for MTN Rwanda analysis',18),('Crud-application','A small spring web application that uses Spring Boot to implement CRUD operations\n* Lists the vehicle types and adds the vehicle to the list and displays it',23),('Newfeed','A web app that enables users to create a survey list and collect feedback using third party\n* Implemented authentication process using GOOGLE OAUTH, (google+ API)\n* Implemented billing process by use of Stripe API\n* Deployment done in Heroku',23),('•	Myblogapplication','A blog application, where one can post, make a comment, view posts and even delete posts and comments or edit them\n* Built using Spring and MySQL workbench to store our data',23),('Framer(Framer CLI)','Technologies used: PHP, Symphony\n* A small PHP  MVC framework for building robust and fast PHP projects\n* Fully equipped with its own database logic and table migration capabilities\n* Uses the blade templating engine for building the views for client-side logic',27),('Instr Analytic Tools','Technologies used: Node.js, TypeScript\n* A small Instagram analytic API that is meant to build usable API endpoints for people who will need to keep track of the account growth and monitor the number of follows and un-followers\n* Still under heavy deployment',27),('TeamUsMoviesManager','Technologies used: Angular, Node.js, TypeScript, Firebase\n* A small Angular project that consumes the TMDB API to generate its content\n* Aimed to build a web app that can help a person keep track of their favorite movie, series and learn about their favorite stars',27),('Connectedly','Technologies used: Node.js, TypeScript, PostgreSQL, Google Calendar API, Angular\n* A scheduling tool that helps people create, manage, and keep track of events either for personal or formal office meetings\nMain feature revolves around the use of google calendar',27),('KAY STATED','Technologies used: Laravel, Bootstrap, HTML\n* Real Estate Management System',30),('KAY STORE','Technologies used: Vue.js, Laravel, MySQL\n* Full Stack progressive e-commerce web application',30),('QUICK SHOP','Technologies used: PHP, SASS, MySQL\n* Full Stack e-commerce web application',30),('EBAY LABDING PAGE CLONE','Technologies used: HTML, CSS, Bootstrap\n* eBay e-commerce landing page application',30),('Rust Yew Web Application','Technologies used: Rust, Yew, WebAssembly\n* Developed my portfolio web client using the Yew framework for Rust. It is still a work in progress',36),('Rust Rocket Web Application','Technologies used: Rust, Rocket, Diesel ORM, PostgreSQL, Docker\n* Developed a REST API to handle user authentication, authorization and roles and designation management. It is still a work in progress',36),('Nest.js Microservices','Technologies used: TypeScript, Node.js, Nest.js, Sequlize, PostgreSQL, Docker\n* Developed a microservices architecture to handle user authentication, authorization and roles and designation management using Docker compose',36);
/*!40000 ALTER TABLE `projects` ENABLE KEYS */;
UNLOCK TABLES;
/*!40103 SET TIME_ZONE=@OLD_TIME_ZONE */;

/*!40101 SET SQL_MODE=@OLD_SQL_MODE */;
/*!40014 SET FOREIGN_KEY_CHECKS=@OLD_FOREIGN_KEY_CHECKS */;
/*!40014 SET UNIQUE_CHECKS=@OLD_UNIQUE_CHECKS */;
/*!40101 SET CHARACTER_SET_CLIENT=@OLD_CHARACTER_SET_CLIENT */;
/*!40101 SET CHARACTER_SET_RESULTS=@OLD_CHARACTER_SET_RESULTS */;
/*!40101 SET COLLATION_CONNECTION=@OLD_COLLATION_CONNECTION */;
/*!40111 SET SQL_NOTES=@OLD_SQL_NOTES */;

-- Dump completed on 2023-12-13 15:05:25
